Accel_X,Accel_Y,Accel_Z,Fall_Indicator
-8.96,-1.00,-5.93, 0
-8.60,-0.11,-5.48, 0
-8.62,2.20,-4.49, 0
-9.81,4.15,-4.18, 0
-11.45,4.57,-4.50, 0
-11.54,3.77,-5.72, 0
-10.51,2.59,-6.06, 0
-9.06,2.38,-4.24, 0
-8.19,2.66,-2.52, 0
-7.97,1.56,-2.76, 0
-8.15,-0.08,-3.83, 0
-8.20,-0.90,-4.51, 0
-8.09,-0.49,-4.15, 0
-7.89,-0.01,-3.38, 0
-7.54,0.51,-3.30, 0
-7.90,0.36,-3.47, 0
-8.82,-0.17,-3.86, 0
-9.16,-0.70,-4.29, 0
-8.66,-1.36,-3.78, 0
-8.33,-0.93,-2.55, 0
-9.41,-1.26,-3.59, 0
-9.45,-0.38,-3.69, 0
-9.40,1.31,-2.99, 0
-8.62,1.71,-2.40, 0
-7.24,0.97,-3.70, 0
-9.18,0.50,-2.42, 0
-8.78,-0.06,-2.27, 0
-11.69,-0.18,-5.10, 0
-10.77,-1.63,-5.02, 0
-9.32,-1.98,-3.93, 0
-8.78,-1.60,-3.03, 0
-8.39,-0.91,-3.34, 0
-7.80,-0.77,-3.22, 0
-7.46,0.13,-2.89, 0
-8.13,-0.04,-3.93, 0
-8.73,-0.32,-4.17, 0
-8.68,-0.48,-4.25, 0
-9.28,-0.77,-5.28, 0
-9.58,-0.08,-5.25, 0
-9.46,-0.13,-4.93, 0
-8.80,-0.66,-3.79, 0
-9.26,0.38,-3.89, 0
-8.76,0.22,-3.82, 0
-8.28,-0.29,-4.25, 0
-8.49,-0.90,-4.52, 0
-8.95,-0.97,-5.10, 0
-8.71,-1.22,-5.01, 0
-7.83,-1.10,-3.98, 0
-9.00,0.51,-4.00, 0
-8.83,1.03,-4.39, 0
-8.58,0.66,-4.87, 0
-9.00,0.85,-5.10, 0
-8.85,0.64,-5.15, 0
-8.59,0.61,-4.87, 0
-8.39,0.04,-4.37, 0
-8.42,-0.31,-4.58, 0
-8.14,0.39,-5.22, 0
-8.16,-0.06,-5.08, 0
-8.36,-0.04,-5.16, 0
-9.00,0.41,-5.10, 0
-8.80,0.44,-5.31, 0
-8.23,0.04,-4.98, 0
-8.76,0.25,-5.60, 0
-8.48,0.51,-4.99, 0
-8.37,0.93,-4.56, 0
-8.58,0.99,-4.75, 0
-8.64,0.65,-5.36, 0
-19.62,0.91,3.43, 0
-7.57,-0.41,-5.24, 0
-8.27,-0.00,-5.65, 0
-8.39,0.47,-5.71, 0
-8.17,0.81,-5.45, 0
-8.53,0.97,-5.69, 0
-8.18,0.51,-5.88, 0
-7.81,0.27,-5.97, 0
-8.20,0.34,-6.00, 0
-7.98,0.28,-6.07, 0
-8.24,0.03,-6.66, 0
-8.02,-0.23,-6.24, 0
-7.86,0.12,-5.60, 0
-7.86,-0.36,-6.02, 0
-7.93,-0.47,-6.12, 0
-8.01,-0.34,-6.20, 0
-7.98,-0.46,-6.48, 0
-7.75,-0.55,-6.09, 0
-8.06,-0.98,-5.42, 0
-8.52,-0.77,-5.19, 0
-8.62,-0.71,-5.48, 0
-8.67,-0.69,-5.25, 0
-8.58,-0.62,-5.41, 0
-8.16,-0.50,-5.10, 0
-8.19,-0.28,-5.20, 0
-8.27,-0.18,-4.82, 0
-8.21,-0.21,-4.65, 0
-8.25,0.07,-4.44, 0
-8.61,0.28,-4.36, 0
-8.92,0.34,-4.62, 0
-9.01,-0.18,-5.20, 0
-8.86,-0.40,-4.86, 0
-9.23,-0.38,-4.13, 0
-9.15,-0.52,-4.12, 0
-9.14,-0.56,-4.97, 0
-9.07,-0.94,-5.49, 0
-8.41,-1.68,-5.00, 0
-8.14,-2.14,-3.60, 0
-8.35,-1.77,-2.78, 0
-8.96,-0.73,-2.61, 0
-9.64,0.59,-2.81, 0
-10.14,1.57,-3.62, 0
-10.19,2.03,-4.32, 0
-10.33,1.82,-3.90, 0
-9.92,1.77,-3.02, 0
-9.35,0.95,-2.82, 0
-8.62,0.23,-3.13, 0
-8.45,-0.45,-3.62, 0
-8.42,-0.13,-3.59, 0
-8.12,0.43,-3.12, 0
-8.52,0.23,-3.01, 0
-9.03,-0.28,-3.41, 0
-8.96,-0.30,-3.49, 0
-8.71,-0.18,-3.75, 0
-8.79,0.08,-3.99, 0
-8.48,0.10,-3.95, 0
-8.78,-0.19,-4.02, 0
-9.08,-0.17,-3.98, 0
-8.92,-0.37,-3.95, 0
-8.34,-0.40,-3.64, 0
-10.86,-0.49,-1.17, 0
-8.40,-1.27,-4.44, 0
-10.52,-1.32,-5.24, 0
-11.27,-2.20,-5.96, 0
-10.46,-3.28,-5.65, 0
-8.86,-2.84,-4.88, 0
-7.44,-1.05,-3.29, 0
-6.62,0.45,-1.80, 0
-6.74,1.25,-2.45, 0
-7.31,0.67,-3.72, 0
-8.74,-0.08,-5.46, 0
-9.52,-0.76,-6.53, 0
-10.63,-0.80,-7.77, 0
-10.49,-0.64,-7.34, 0
-9.49,0.37,-5.72, 0
-8.51,0.42,-4.76, 0
-7.47,0.02,-4.12, 0
-7.35,-0.31,-3.77, 0
-7.48,-0.07,-3.97, 0
-7.96,-0.01,-4.83, 0
-8.49,0.17,-5.44, 0
-8.90,0.78,-5.66, 0
-8.91,-0.03,-5.88, 0
-8.58,-0.25,-5.54, 0
-8.37,0.00,-4.84, 0
-8.32,-0.03,-4.72, 0
-8.26,0.60,-4.39, 0
-8.19,0.66,-4.96, 0
-8.21,0.73,-5.11, 0
-8.43,0.56,-5.14, 0
-8.77,0.86,-4.92, 0
-8.97,0.68,-4.68, 0
-8.72,0.64,-5.22, 0
-8.72,0.70,-5.45, 0
-8.30,0.40,-5.83, 0
-8.26,0.22,-5.86, 0
-8.60,0.24,-5.70, 0
-8.57,0.21,-5.51, 0
-8.45,-0.26,-5.70, 0
-8.19,-0.66,-5.61, 0
-7.86,-0.56,-5.44, 0
-7.80,-0.34,-5.29, 0
-8.27,0.02,-5.34, 0
-8.25,0.25,-5.42, 0
-8.07,0.45,-5.40, 0
-8.42,0.21,-5.23, 0
-8.72,0.20,-5.17, 0
-8.91,-0.05,-4.92, 0
-8.94,-0.21,-5.04, 0
-8.85,-0.42,-4.97, 0
-8.81,-0.57,-4.89, 0
-8.87,-0.42,-4.70, 0
-8.73,-0.59,-4.47, 0
-8.42,-0.45,-3.88, 0
-8.43,0.08,-4.09, 0
-8.49,0.32,-5.02, 0
-8.94,0.18,-5.06, 0
-8.57,-0.09,-4.49, 0
-8.12,-0.09,-3.66, 0
-7.95,0.24,-3.08, 0
-8.17,0.71,-3.13, 0
-8.69,0.97,-3.72, 0
-8.09,0.91,-5.43, 0
-9.63,1.21,-4.60, 0
-10.24,0.98,-4.70, 0
-9.49,0.46,-4.71, 0
-9.19,0.60,-3.82, 0
-8.90,1.03,-3.69, 0
-8.55,1.20,-3.68, 0
-8.92,0.94,-3.84, 0
-8.83,0.54,-4.10, 0
-8.42,0.30,-4.01, 0
-8.47,0.06,-3.86, 0
-8.78,0.29,-3.91, 0
-8.90,0.58,-3.76, 0
-8.95,0.36,-3.85, 0
-8.96,0.50,-3.82, 0
-8.65,0.33,-3.74, 0
-8.58,0.31,-3.58, 0
-8.61,0.49,-3.58, 0
-8.82,0.49,-3.71, 0
-8.85,0.31,-3.62, 0
-8.57,0.28,-3.56, 0
-8.48,0.40,-3.40, 0
-8.95,0.54,-3.79, 0
-9.11,0.56,-4.57, 0
-9.80,0.18,-5.25, 0
-10.72,-0.38,-5.79, 0
-10.20,-0.22,-5.20, 0
-8.14,0.34,-3.47, 0
-7.40,0.84,-2.21, 0
-8.16,1.20,-2.99, 0
-9.09,1.15,-4.84, 0
-9.90,0.54,-4.98, 0
-9.82,-0.26,-5.05, 0
-9.51,-0.13,-5.06, 0
-9.11,0.10,-4.87, 0
-9.07,0.22,-4.52, 0
-8.79,0.37,-4.39, 0
-8.25,0.23,-4.23, 0
-7.85,0.38,-4.30, 0
-7.88,0.40,-4.66, 0
-7.91,0.05,-5.31, 0
-7.64,-0.11,-5.50, 0
-7.82,-0.48,-5.37, 0
-8.17,-0.72,-4.95, 0
-8.36,-0.74,-5.00, 0
-8.38,-0.17,-5.14, 0
-8.24,0.70,-5.69, 0
-8.53,1.02,-6.32, 0
-8.49,1.16,-5.94, 0
-8.15,0.96,-5.32, 0
-7.60,0.74,-4.82, 0
-7.77,0.55,-4.87, 0
-7.59,1.25,-5.08, 0
-7.93,1.73,-5.31, 0
-8.93,2.02,-5.08, 0
-8.79,2.14,-5.35, 0
-8.53,1.76,-5.30, 0
-8.54,1.28,-5.02, 0
-8.60,1.03,-5.17, 0
-8.55,1.55,-5.35, 0
-8.78,1.29,-5.68, 0
-8.52,0.90,-5.25, 0
-8.50,0.81,-4.81, 0
-8.70,0.79,-5.09, 0
-8.66,0.72,-4.89, 0
-8.42,1.09,-4.72, 0
-8.35,0.91,-5.87, 1
-8.60,1.27,-5.69, 1
-10.42,1.57,-4.88, 1
-8.31,1.96,-5.10, 1
-7.69,1.58,-3.57, 1
-7.51,1.20,-3.14, 1
-8.11,0.33,-4.79, 1
-9.16,0.35,-5.90, 0
-8.67,-0.55,-6.36, 0
-8.65,0.20,-5.58, 0
-6.47,0.49,-4.58, 0
-5.85,0.51,-4.05, 0
-7.39,0.80,-4.03, 0
-7.28,0.19,-4.56, 0
-6.37,0.08,-2.43, 0
-4.41,-0.71,-0.67, 0
-4.38,-1.36,-0.75, 0
-5.81,-1.75,-2.93, 0
-8.22,-1.88,-4.50, 0
-5.57,-1.86,-3.17, 0
-5.81,-1.59,-2.75, 0
-5.35,-2.36,-3.38, 0
-5.39,-2.15,-2.95, 0
-6.35,-2.88,-2.73, 0
-10.28,-2.85,-0.31, 0
-5.65,-1.24,-2.35, 0
-4.87,0.32,-1.94, 0
-5.69,0.72,-2.89, 0
-7.24,0.04,-2.61, 0
-8.30,-2.31,-1.12, 0
-9.56,-3.88,0.58, 0
-11.94,-4.25,-1.15, 0
-12.81,-5.21,-4.99, 0
-13.90,-6.12,-4.52, 0
-14.32,-5.24,-8.80, 0
-8.97,4.74,1.89, 0
-11.89,10.94,6.08, 0
-9.76,6.26,14.78, 0
-12.27,4.65,19.14, 0
-3.77,15.85,19.62, 0
-1.69,7.32,19.62, 0
-1.26,-0.11,19.62, 0
1.29,-1.04,19.62, 0
-0.13,-1.41,19.62, 0
2.00,-3.30,19.37, 0
0.45,-7.15,12.77, 0
2.15,-5.70,11.36, 0
3.38,-3.56,9.81, 0
2.12,-2.50,8.25, 0
-0.60,-3.00,6.64, 0
1.19,-2.17,3.84, 0
2.93,-0.33,4.23, 0
1.18,0.48,3.30, 0
0.80,-0.68,2.30, 0
1.31,-2.45,1.09, 0
2.99,-5.08,3.74, 0
-0.31,-1.97,2.98, 0
-0.76,0.86,6.09, 0
-0.81,0.38,6.65, 0
0.26,-1.89,7.71, 0
-1.51,-3.06,7.15, 0
-3.27,-0.57,8.54, 0
-4.58,0.71,10.16, 0
-4.95,0.38,11.88, 0
-6.77,2.09,12.17, 0
-7.76,2.92,11.36, 0
-9.36,3.30,10.85, 0
-10.68,4.97,12.26, 0
-10.57,5.45,10.98, 0
-13.14,5.88,8.98, 0
-12.28,5.36,7.48, 0
-8.91,1.10,7.61, 0
-9.79,0.19,6.88, 0
-9.71,-0.32,4.56, 0
-8.16,0.40,3.22, 0
-7.22,0.49,4.33, 0
-5.93,0.49,5.41, 0
-5.49,0.05,5.25, 0
-5.38,0.21,4.81, 0
-4.82,-0.68,4.19, 0
-3.97,-0.91,5.45, 0
-4.08,-0.41,5.58, 0
-5.34,-0.17,4.99, 0
-5.90,-0.60,5.34, 0
-5.79,-0.91,6.02, 0
-6.11,-1.38,6.65, 0
-5.27,-2.20,7.01, 0
-5.69,-2.85,8.37, 0
-5.39,-1.51,10.19, 0
-5.67,-1.15,9.82, 0
-6.27,-1.84,8.45, 0
-5.23,-1.51,9.27, 0
-5.63,-1.77,9.34, 0
-5.42,-0.74,7.94, 0
-5.50,-0.80,8.21, 0
-5.03,-1.52,8.43, 0
-4.89,-1.50,8.33, 0
-4.51,-0.96,7.75, 0
-4.35,-0.30,8.00, 0
-4.19,-0.05,8.71, 0
-5.33,-0.02,6.34, 0
-5.55,-0.23,4.92, 0
-4.91,-0.81,5.88, 0
-4.67,-0.62,7.09, 0
-6.06,0.08,9.35, 0
-4.81,-0.36,7.35, 0
-5.63,0.05,7.97, 0
-5.77,-0.08,7.02, 0
-5.73,-0.03,6.92, 0
-5.81,-0.12,7.70, 0
-5.53,0.27,7.40, 0
-5.66,0.74,7.81, 0
-5.80,1.50,8.61, 0
-6.24,0.94,7.85, 0
-6.14,0.41,6.71, 0
-5.48,1.57,7.51, 0
-5.03,2.62,8.26, 0
-5.73,2.60,7.56, 0
-5.39,2.56,6.21, 0
-5.58,3.93,7.26, 0
-4.95,4.32,8.07, 0
-5.43,3.62,6.89, 0
-4.55,3.50,6.67, 0
-6.27,4.35,6.83, 0
-4.85,5.16,7.02, 0
-5.03,5.14,6.76, 0
-5.58,5.46,6.42, 0
-5.65,5.49,6.24, 0
-5.51,4.79,5.65, 0
-5.55,4.39,5.70, 0
-5.98,4.81,5.66, 0
-6.36,5.50,5.12, 0
-6.50,5.31,5.34, 0
-6.22,5.26,5.33, 0
-6.19,5.24,4.73, 0
-6.56,5.25,4.74, 0
-6.05,5.69,5.23, 0
-6.48,6.94,4.29, 0
-6.58,7.12,4.19, 0
-6.50,6.58,4.70, 0
-6.26,6.42,4.41, 0
-6.15,6.86,3.91, 0
-6.72,7.00,3.75, 0
-6.69,7.10,4.42, 0
-6.46,7.22,3.90, 0
-7.25,6.95,3.66, 0
-6.90,7.28,4.13, 0
-7.25,7.11,3.95, 0
-7.55,6.29,2.81, 0
-8.20,6.12,2.76, 0
-7.79,5.53,2.44, 0
-8.25,4.96,2.96, 0
-8.60,5.22,2.81, 0
-9.10,5.23,1.47, 0
-9.15,5.11,2.39, 0
-9.52,4.27,1.96, 0
-9.54,3.16,1.16, 0
-8.76,2.88,1.18, 0
-9.30,3.65,0.84, 0
-9.59,2.94,-0.52, 0
-8.70,2.24,0.46, 0
-7.87,3.08,1.79, 0
-8.76,3.59,1.62, 0
-8.87,2.95,1.87, 0
-9.12,2.32,1.63, 0
-9.46,2.31,1.68, 0
-9.79,2.83,2.74, 0
-9.97,3.94,3.08, 0
-9.86,3.46,3.14, 0
-10.63,1.77,3.48, 0
-8.46,2.48,2.37, 0
-10.44,2.46,3.05, 0
-10.03,1.41,1.76, 0
-10.68,0.72,-0.19, 0
-10.37,1.52,0.83, 0
-10.10,1.68,0.45, 0
-9.63,1.10,0.12, 0
-9.51,0.86,1.31, 0
-9.89,1.16,1.23, 0
-9.53,0.23,0.21, 0
-9.73,0.12,0.12, 0
-9.74,1.16,0.74, 0
-9.97,0.57,0.67, 0
-9.58,-0.02,0.10, 0
-9.21,-0.26,0.34, 0
-9.53,-0.44,1.29, 0
-9.80,0.34,0.99, 0
-9.87,-0.29,0.35, 0
-9.80,-0.10,1.06, 0
-9.81,0.06,1.52, 0
-10.16,0.52,1.85, 0
-10.02,0.56,1.88, 0
-10.30,0.51,1.63, 0
-10.26,0.57,2.20, 0
-10.60,0.84,2.51, 0
-10.69,0.62,2.05, 0
-10.03,0.47,2.01, 0
-9.44,0.01,1.82, 0
-8.77,-1.57,0.38, 0
-9.40,-2.40,-0.36, 0
-10.74,-3.79,-0.01, 0
-8.22,-4.00,1.02, 0
-7.34,-3.99,1.52, 0
-7.12,-3.71,1.98, 0
-6.21,-3.08,2.11, 0
-6.07,-2.76,2.22, 0
-5.44,-2.23,2.22, 0
-4.67,-3.05,2.50, 0
-4.27,-3.07,3.33, 0
-4.84,-3.08,2.43, 0
-6.01,-2.68,2.12, 0
-6.30,-2.00,2.58, 0
-6.67,-1.11,1.63, 0
-7.81,-0.59,0.88, 0
-7.79,-0.80,1.91, 0
-7.75,-1.34,3.02, 0
-7.93,-1.89,2.84, 0
-8.78,-1.25,2.44, 0
-9.82,-0.45,1.80, 0
-10.86,0.47,1.81, 0
-10.53,0.46,1.74, 0
-9.67,0.22,1.52, 0
-9.96,0.59,1.06, 0
-10.73,0.80,0.49, 0
-10.13,1.18,0.78, 0
-9.85,1.09,0.07, 0
-9.67,0.10,-1.17, 0
-12.84,-1.15,-3.14, 0
-14.40,-4.38,-6.50, 0
-13.68,-4.82,-7.19, 0
-11.67,-1.95,-4.92, 0
-11.06,0.91,-3.00, 0
-12.73,1.54,-4.82, 0
-12.49,-0.78,-7.06, 0
-11.80,-2.58,-7.72, 0
-11.26,-2.71,-6.39, 0
-9.08,-1.24,-3.43, 0
-8.11,-0.22,-2.91, 0
-8.15,0.10,-3.91, 0
-9.10,1.20,-5.29, 0
-9.47,2.03,-5.25, 0
-8.89,1.75,-4.68, 0
-8.03,1.00,-4.37, 0
-7.92,1.39,-3.58, 0
-8.38,-0.06,-6.13, 0
-8.03,-0.01,-6.14, 0
-8.13,0.49,-5.84, 0
-8.19,0.87,-5.64, 0
-7.66,0.75,-5.24, 0
-7.55,0.34,-5.22, 0
-8.00,0.70,-6.43, 0
-8.28,1.15,-7.20, 0
-7.89,1.16,-6.79, 0
-6.79,-0.11,-6.13, 0
-6.74,-0.10,-5.27, 0
-7.01,1.18,-5.41, 0
-8.56,1.41,-6.19, 0
-7.33,2.00,-5.69, 0
-6.85,1.23,-4.14, 0
-6.26,1.08,-3.45, 0
-5.99,1.18,-4.25, 0
-6.83,1.28,-4.75, 0
-6.41,0.85,-5.62, 0
-6.63,0.10,-4.73, 0
-5.91,0.29,-4.75, 0
-6.97,-0.11,-5.14, 0
-7.77,0.59,-5.64, 0
-7.94,0.78,-5.13, 0
-8.64,0.85,-4.51, 0
-8.42,1.56,-3.86, 0
-8.78,0.44,-3.11, 0
-8.78,0.06,-2.08, 0
-8.99,2.13,-1.92, 0
-10.25,4.03,-2.42, 0
-11.39,4.14,-2.73, 0
-10.89,3.37,-2.82, 0
-9.41,2.36,-3.44, 0
-8.82,2.01,-1.84, 0
-8.98,3.42,-1.43, 0
-8.90,4.97,-1.39, 0
-9.49,4.93,-1.50, 0
-8.40,4.55,-1.88, 0
-7.89,3.77,-1.70, 0
-8.21,3.48,-1.74, 0
-8.87,4.55,-1.19, 0
-8.91,3.49,-0.25, 0
-7.60,4.34,-0.56, 0
-7.30,3.28,-0.85, 0
-6.19,2.73,-1.01, 0
-7.34,2.08,-0.86, 0
-7.86,4.62,-0.81, 0
-10.35,1.77,-2.79, 0
-10.46,-1.22,-3.49, 0
-9.77,-0.06,-3.71, 0
-10.89,-1.09,-4.58, 0
-10.93,-1.31,-4.60, 0
-9.41,0.36,-3.50, 0
-8.53,3.25,-2.47, 0
-8.83,3.60,-1.41, 0
-8.59,5.30,-2.40, 0
-8.64,5.00,-4.19, 0
-9.56,5.82,-5.75, 0
-9.78,4.73,-6.14, 0
-9.07,2.22,-4.85, 0
-7.35,0.93,-3.60, 0
-7.23,1.95,-2.40, 0
-8.10,3.52,-3.02, 0
-8.28,2.79,-3.89, 0
-8.52,2.89,-4.33, 0
-8.67,3.94,-4.80, 0
-7.93,3.88,-4.51, 0
-8.41,3.71,-4.46, 0
-8.36,3.79,-3.84, 0
-8.37,4.40,-4.51, 0
-7.53,4.46,-3.95, 0
-7.09,3.63,-4.18, 0
-8.64,1.92,-5.50, 0
-7.98,2.42,-5.50, 0
-8.06,2.82,-4.80, 0
-7.88,2.85,-3.82, 0
-7.87,2.94,-3.85, 0
-7.76,2.60,-5.10, 0
-7.90,2.66,-5.56, 0
-8.03,2.65,-5.64, 0
-7.56,2.88,-5.53, 0
-7.78,2.26,-5.12, 0
-8.67,1.04,-5.89, 0
-7.76,1.73,-5.51, 0
-8.42,1.80,-4.20, 0
-8.50,1.24,-3.73, 0
-8.65,1.40,-3.74, 0
-9.32,2.10,-4.13, 0
-9.30,1.88,-4.63, 0
-8.31,2.01,-4.07, 0
-7.32,3.31,-3.42, 0
-6.93,5.44,-1.49, 0
-8.87,5.76,-2.41, 0
-10.57,6.34,-4.19, 0
-11.29,6.39,-5.71, 0
-10.89,6.16,-7.04, 0
-9.50,5.52,-6.89, 0
-8.43,4.38,-5.29, 0
-7.18,3.47,-2.59, 0
-7.36,3.28,-0.90, 0
-8.84,2.89,-2.21, 0
-9.00,2.87,-4.12, 0
-7.05,2.30,-4.68, 0
-7.38,3.18,-3.50, 0
-7.03,4.49,-1.57, 0
-7.29,5.17,-1.68, 0
-8.02,4.96,-3.52, 0
-9.02,3.75,-4.00, 0
-8.72,3.38,-3.06, 0
-8.13,3.78,-2.44, 0
-7.95,3.78,-2.43, 0
-7.87,4.18,-2.76, 0
-8.55,4.32,-3.39, 0
-8.53,3.84,-3.26, 0
-8.20,3.74,-3.29, 0
-8.21,3.66,-3.38, 0
-8.10,3.59,-3.33, 0
-7.98,3.09,-3.27, 0
-7.78,2.68,-3.13, 0
-7.76,2.66,-3.17, 0
-7.99,2.83,-3.70, 0
-8.38,3.40,-3.71, 0
-8.14,3.80,-3.50, 0
-7.80,3.16,-3.00, 0
-7.63,3.23,-2.66, 0
-8.31,3.75,-3.76, 0
-9.28,3.25,-5.43, 0
-9.76,2.93,-6.60, 0
-9.22,2.03,-6.77, 0
-8.34,1.45,-5.96, 0
-7.85,1.39,-5.63, 0
-7.04,1.81,-5.36, 0
-6.77,2.07,-4.51, 0
-7.02,2.55,-4.39, 0
-7.00,4.03,-4.61, 0
-9.30,4.90,-7.40, 0
-9.21,4.73,-8.70, 0
-7.93,3.84,-5.88, 0
-6.81,2.43,-5.05, 0
-7.07,2.53,-5.82, 0
-7.53,4.23,-6.47, 0
-8.19,3.94,-5.85, 0
-6.91,2.10,-5.82, 0
-6.40,1.25,-5.97, 0
-6.48,2.22,-5.87, 0
-6.81,3.79,-5.86, 0
-6.95,4.58,-6.44, 0
-7.20,5.33,-5.99, 0
-7.41,5.69,-5.58, 0
-7.00,4.33,-5.61, 0
-7.03,4.06,-6.18, 0
-6.15,4.37,-7.07, 0
-7.94,4.46,-5.71, 0
-7.60,4.09,-6.09, 0
-7.42,3.92,-4.79, 0
-7.29,3.79,-4.27, 0
-7.49,2.92,-4.39, 0
-7.66,2.13,-5.03, 0
-8.16,2.01,-5.33, 0
-8.46,2.06,-5.34, 0
-6.81,2.37,-6.21, 0
-7.90,2.88,-4.60, 0
-8.15,2.73,-5.12, 0
-8.22,2.58,-5.26, 0
-8.18,2.52,-5.17, 0
-8.20,2.96,-4.62, 0
-7.67,3.31,-4.96, 0
-8.63,3.34,-4.60, 0
-8.31,3.30,-5.35, 0
-8.50,3.29,-5.95, 0
-8.51,3.02,-5.64, 0
-8.45,2.91,-4.38, 0
-7.66,3.05,-3.11, 0
-8.20,3.89,-3.32, 0
-8.32,4.61,-3.01, 0
-8.48,4.83,-3.79, 0
-8.41,4.91,-3.32, 0
-7.94,4.72,-2.81, 0
-8.12,4.32,-3.02, 0
-8.54,3.91,-3.37, 0
-8.35,3.37,-3.41, 0
-7.94,2.97,-3.20, 0
-7.99,2.84,-3.35, 0
-8.12,2.94,-2.67, 0
-8.12,3.32,-3.06, 0
-8.40,3.47,-3.30, 0
-8.39,3.73,-2.96, 0
-8.21,3.76,-2.79, 0
-8.49,3.52,-2.90, 0
-8.55,3.25,-3.17, 0
-8.54,3.01,-2.80, 0
-8.73,3.67,-3.66, 0
-7.90,4.16,-2.90, 0
-7.71,4.35,-2.72, 0
-7.94,4.36,-2.86, 0
-8.27,4.22,-3.36, 0
-7.95,4.02,-3.34, 0
-8.11,4.25,-3.42, 0
-7.37,4.80,-2.78, 0
-7.25,5.09,-3.02, 0
-8.35,5.10,-4.27, 0
-8.03,3.88,-3.90, 0
-7.63,3.69,-3.44, 0
-8.12,4.18,-3.47, 0
-7.66,4.40,-3.19, 0
-7.87,4.52,-3.73, 0
-8.42,4.85,-4.06, 0
-7.88,4.05,-3.96, 0
-8.26,3.42,-4.14, 0
-8.79,3.06,-4.05, 0
-9.31,2.54,-4.97, 0
-8.23,2.26,-5.82, 0
-7.55,2.10,-5.58, 0
-8.28,3.36,-5.05, 0
-8.31,3.89,-4.89, 0
-8.05,3.90,-4.34, 0
-8.07,4.06,-3.99, 0
-7.91,3.77,-3.96, 0
-7.95,3.18,-4.55, 0
-8.21,3.01,-5.29, 0
-7.96,3.34,-5.02, 0
-7.99,3.45,-4.66, 0
-7.82,3.51,-4.33, 0
-8.02,3.31,-4.49, 0
-8.07,2.96,-4.72, 0
-7.84,2.75,-4.72, 0
-8.06,2.62,-5.01, 0
-8.04,2.59,-4.97, 0
-7.49,2.58,-5.35, 0
-8.22,2.66,-4.88, 0
-8.00,3.10,-4.75, 0
-7.88,3.17,-5.04, 0
-7.54,3.50,-5.47, 0
-7.38,3.37,-5.55, 0
-7.44,3.16,-5.49, 0
-7.59,3.09,-5.44, 0
-7.68,3.30,-5.26, 0
-7.64,3.73,-5.20, 0
-7.56,4.18,-4.98, 0
-7.61,4.39,-5.08, 0
-7.70,3.93,-5.43, 0
-7.65,3.27,-5.53, 0
-7.53,3.06,-5.36, 0
-7.35,3.36,-5.20, 0
-7.24,3.99,-5.11, 0
-7.48,4.39,-5.05, 0
-7.41,4.35,-4.93, 0
-7.47,4.32,-4.84, 0
-7.50,4.42,-4.74, 0
-7.53,4.41,-4.62, 0
-7.53,4.07,-4.85, 0
-7.59,3.68,-5.02, 0
-7.45,3.46,-5.11, 0
-7.19,3.48,-5.07, 0
-7.47,3.76,-5.28, 0
-7.36,3.90,-5.28, 0
-7.36,3.82,-5.07, 0
-7.30,3.91,-4.98, 0
-7.24,3.90,-5.07, 0
-7.08,4.29,-4.89, 0
-6.91,4.45,-5.21, 0
-7.97,3.99,-5.31, 0
-8.56,4.06,-5.70, 0
-9.71,5.04,-5.16, 0
-10.14,4.57,-5.70, 0
-9.49,3.10,-6.19, 0
-8.78,1.96,-6.31, 0
-7.98,1.24,-6.19, 0
-7.70,1.17,-5.98, 0
-7.63,1.94,-5.59, 0
-7.84,2.48,-4.83, 0
-8.26,2.04,-4.55, 0
-7.99,1.38,-4.21, 0
-7.71,0.61,-4.72, 0
-7.66,0.34,-5.15, 0
-7.88,1.02,-4.78, 0
-9.20,3.01,-4.99, 0
-9.97,4.84,-4.27, 0
-8.79,5.12,-3.32, 0
-7.99,3.79,-3.20, 0
-8.25,2.65,-4.08, 0
-8.04,1.87,-4.93, 0
-8.07,1.75,-5.29, 0
-7.78,2.45,-4.61, 0
-7.49,2.77,-3.78, 0
-7.45,3.03,-3.34, 0
-7.56,3.66,-3.31, 0
-7.24,3.86,-3.27, 0
-7.07,4.15,-3.27, 0
-7.34,4.37,-3.25, 0
-7.53,4.65,-2.98, 0
-7.48,4.71,-2.30, 0
-7.48,4.44,-1.74, 0
-8.16,4.40,-2.31, 0
-8.54,4.73,-3.26, 0
-8.71,4.79,-3.77, 0
-8.84,3.79,-4.46, 0
-9.02,2.80,-4.27, 0
-11.47,2.55,-7.26, 0
-13.31,1.58,-11.01, 0
-10.14,0.40,-9.45, 0
-6.04,0.51,-3.95, 0
-5.83,3.08,-2.23, 0
-6.57,4.31,-2.95, 0
-8.82,4.11,-3.34, 0
-9.40,4.41,-4.60, 0
-8.09,2.65,-6.65, 0
-6.42,1.48,-8.08, 0
-6.37,1.70,-6.65, 0
-6.45,2.38,-5.56, 0
-7.19,2.31,-5.51, 0
-7.74,2.50,-6.10, 0
-7.81,2.83,-6.08, 0
-9.37,3.79,-3.87, 0
-7.86,3.71,-6.19, 0
-10.53,3.92,-3.34, 0
-7.83,3.94,-5.29, 0
-7.79,4.21,-5.72, 1
-7.19,3.87,-5.01, 1
-7.25,2.23,-5.99, 1
-6.89,3.19,-4.87, 1
-6.88,4.87,-4.11, 1
-6.99,4.82,-4.33, 1
-6.84,3.60,-4.88, 0
-6.23,2.66,-6.58, 0
-6.77,2.79,-6.93, 0
-6.54,3.32,-5.82, 0
-6.13,3.01,-5.25, 0
-6.81,3.67,-5.67, 0
-6.79,4.02,-5.78, 0
-6.68,4.08,-5.67, 0
-6.90,3.36,-5.87, 0
-7.22,2.72,-6.01, 0
-6.79,2.10,-6.02, 0
-6.74,1.51,-6.47, 0
-6.23,0.80,-5.88, 0
-6.93,0.42,-6.11, 0
-6.68,0.82,-7.49, 0
-4.90,2.47,-4.91, 0
-3.77,3.45,-3.32, 0
-4.27,3.78,-2.74, 0
-5.35,4.33,-4.36, 0
-4.81,4.30,-3.66, 0
-4.36,3.63,-2.71, 0
-2.53,3.38,-0.62, 0
-4.07,3.22,-2.88, 0
-4.95,0.19,-5.87, 0
-4.50,-1.94,-6.29, 0
-5.48,-1.49,-6.50, 0
-5.34,0.32,-3.61, 0
-6.96,1.32,-3.11, 0
-6.96,1.61,-3.56, 0
-10.06,-0.59,-3.00, 0
-12.75,-3.94,-6.88, 0
-11.68,-7.47,-10.86, 0
-12.40,-13.10,-11.64, 0
-13.45,-12.95,-12.66, 0
-12.25,-7.76,-11.64, 0
-9.43,-0.65,-6.60, 0
-10.35,6.12,-2.66, 0
-10.16,12.49,5.70, 0
-5.22,14.48,10.22, 0
-11.67,9.98,11.41, 0
-15.11,6.10,4.52, 0
-5.14,0.59,14.34, 0
-2.44,-1.45,18.21, 0
-2.50,-0.04,19.62, 0
-3.10,1.01,19.62, 0
-2.64,1.08,19.62, 0
-0.76,-2.25,19.62, 0
-0.39,-3.51,17.50, 0
-1.96,0.74,14.79, 0
-2.18,0.46,12.61, 0
0.08,-2.24,9.91, 0
0.87,-2.28,8.62, 0
-0.59,-0.79,6.36, 0
0.30,0.67,5.44, 0
0.56,1.11,5.85, 0
-0.12,0.43,4.50, 0
-0.65,-1.40,3.11, 0
0.04,-2.40,3.07, 0
0.12,-3.35,3.71, 0
-0.17,-3.42,4.62, 0
-0.03,-3.65,5.72, 0
-1.13,-3.52,6.36, 0
-3.65,-3.83,7.19, 0
-4.39,-4.70,8.55, 0
-5.05,-5.48,9.32, 0
-5.25,-6.28,9.56, 0
-7.11,-6.56,9.17, 0
-7.95,-6.60,9.41, 0
-7.66,-6.56,8.27, 0
-7.59,-6.10,8.34, 0
-7.53,-5.24,7.55, 0
-7.46,-4.59,6.61, 0
-6.81,-4.15,5.96, 0
-6.55,-3.91,5.56, 0
-6.76,-3.80,5.09, 0
-5.93,-3.86,5.19, 0
-5.86,-3.34,4.88, 0
-5.54,-3.08,4.86, 0
-5.31,-2.80,5.20, 0
-5.15,-3.15,5.06, 0
-5.31,-3.52,4.84, 0
-5.53,-3.80,4.84, 0
-5.71,-4.24,5.51, 0
-5.39,-4.90,6.42, 0
-5.36,-5.56,6.67, 0
-5.13,-5.76,6.72, 0
-5.16,-5.55,6.72, 0
-5.08,-5.09,7.08, 0
-4.72,-4.67,7.67, 0
-4.91,-4.44,7.54, 0
-5.02,-4.49,7.46, 0
-5.03,-4.39,7.52, 0
-4.67,-4.15,7.62, 0
-4.44,-3.69,7.96, 0
-3.76,-3.28,8.37, 0
-3.98,-3.23,8.28, 0
-4.34,-3.59,7.86, 0
-4.85,-3.82,6.67, 0
-4.80,-3.84,6.57, 0
-4.48,-3.91,7.33, 0
-3.95,-3.90,6.90, 0
-4.51,-3.81,6.59, 0
-4.13,-3.91,6.87, 0
-4.65,-3.58,7.10, 0
-5.35,-3.09,6.90, 0
-5.37,-2.93,7.21, 0
-6.01,-3.68,6.74, 0
-5.56,-4.39,7.05, 0
-5.88,-3.95,7.34, 0
-6.22,-2.45,7.32, 0
-6.71,-1.77,7.00, 0
-6.39,-1.84,6.87, 0
-7.84,-2.32,6.56, 0
-7.08,-2.19,6.61, 0
-7.63,-0.93,6.28, 0
-7.75,0.16,6.37, 0
-7.63,0.42,6.56, 0
-7.17,0.27,7.33, 0
-7.95,0.54,6.69, 0
-8.69,1.21,6.67, 0
-9.33,0.84,7.19, 0
-8.82,1.08,7.22, 0
-8.84,1.51,6.91, 0
-9.13,1.26,6.55, 0
-8.98,1.48,6.27, 0
-8.95,1.50,6.63, 0
-9.21,0.87,5.76, 0
-9.20,1.16,4.83, 0
-8.92,0.93,4.89, 0
-8.31,0.97,4.56, 0
-8.75,0.64,4.04, 0
-8.81,-0.72,3.44, 0
-8.26,-1.87,3.09, 0
-7.73,-2.32,2.63, 0
-7.70,-3.54,2.66, 0
-9.54,-4.43,1.93, 0
-10.12,-4.79,1.29, 0
-9.95,-3.79,1.42, 0
-9.67,-2.79,1.90, 0
-8.15,-3.18,3.08, 0
-7.25,-5.13,2.51, 0
-6.76,-5.99,0.94, 0
-5.97,-5.83,1.35, 0
-4.40,-5.47,3.10, 0
-4.56,-5.83,2.42, 0
-5.55,-6.39,-0.32, 0
-5.20,-6.02,-1.31, 0
-4.40,-6.66,-0.02, 0
-3.40,-7.99,0.20, 0
-3.29,-9.15,-1.91, 0
-4.01,-9.83,-3.56, 0
-3.65,-10.33,-2.43, 0
-3.22,-10.19,-0.48, 0
-2.88,-9.59,-0.21, 0
-3.71,-8.81,-3.13, 0
-5.20,-8.02,-3.98, 0
-3.59,-9.21,-0.78, 0
-2.93,-9.55,0.04, 0
-5.16,-9.19,-2.62, 0
-6.08,-8.98,-3.38, 0
-5.60,-9.41,-2.34, 0
-5.34,-8.48,-2.07, 0
-5.55,-6.55,-2.21, 0
-6.56,-6.27,-2.06, 0
-6.01,-7.15,-0.79, 0
-5.68,-7.58,-0.93, 0
-6.45,-6.03,-1.56, 0
-7.36,-4.39,-2.59, 0
-7.54,-4.10,-2.47, 0
-7.26,-4.37,-1.78, 0
-7.73,-4.69,-1.54, 0
-7.93,-4.85,-2.10, 0
-7.61,-4.76,-1.99, 0
-7.85,-4.21,-2.15, 0
-7.66,-3.00,-2.57, 0
-7.55,-2.95,-2.05, 0
-7.89,-3.47,-2.62, 0
-8.39,-3.72,-2.83, 0
-8.70,-3.33,-2.80, 0
-8.73,-2.77,-2.02, 0
-8.07,-2.66,-1.49, 0
-7.90,-2.40,-1.54, 0
-8.44,-1.71,-1.86, 0
-8.94,-1.10,-2.16, 0
-8.91,-1.26,-2.36, 0
-8.79,-1.44,-2.73, 0
-9.23,-1.37,-2.81, 0
-9.31,-1.32,-3.20, 0
-9.73,-1.28,-3.56, 0
-9.70,-1.40,-3.91, 0
-9.82,-1.56,-4.22, 0
-9.78,-1.44,-4.36, 0
-9.29,-1.58,-4.23, 0
-9.46,-1.45,-4.14, 0
-9.59,-1.57,-4.77, 0
-10.30,-1.92,-5.67, 0
-9.87,-1.92,-4.02, 0
-11.71,0.64,-3.48, 0
-11.48,1.41,-5.87, 0
-11.16,1.76,-5.64, 0
-11.22,0.56,-7.05, 0
-11.00,-0.27,-7.60, 0
-10.55,0.60,-6.07, 0
-11.01,2.09,-6.19, 0
-10.58,2.13,-6.76, 0
-9.54,2.12,-7.70, 0
-9.40,2.44,-6.89, 0
-9.46,2.25,-5.83, 0
-7.85,1.72,-5.02, 0
-7.83,0.15,-5.80, 0
-8.43,0.19,-7.09, 0
-8.70,0.53,-7.64, 0
-8.05,1.35,-6.57, 0
-7.78,1.13,-7.45, 0
-7.13,0.79,-5.98, 0
-7.07,0.77,-5.38, 0
-6.30,1.45,-7.16, 0
-8.84,-0.58,-9.52, 0
-8.19,-0.59,-9.27, 0
-8.07,0.57,-8.06, 0
-7.61,1.83,-6.17, 0
-7.02,3.37,-4.96, 0
-5.09,3.48,-3.11, 0
-4.61,1.99,-1.56, 0
-5.64,1.45,-1.45, 0
-7.15,2.06,-4.11, 0
-7.78,3.18,-4.89, 0
-8.17,3.47,-5.09, 0
-7.15,4.05,-6.11, 0
-6.83,3.74,-5.18, 0
-5.70,3.30,-4.98, 0
-6.34,1.62,-6.25, 0
-7.48,1.09,-5.47, 0
-7.91,2.53,-3.84, 0
-6.35,4.38,-2.59, 0
-5.17,5.28,-1.65, 0
-5.09,3.98,-2.15, 0
-5.47,2.36,-3.71, 0
-7.73,2.79,-5.19, 0
-8.55,4.34,-3.63, 0
-8.61,4.25,-4.45, 0
-7.58,5.07,-3.00, 0
-7.30,5.00,-2.92, 0
-7.52,4.84,-3.20, 0
-7.60,4.75,-4.03, 0
-7.90,4.96,-3.94, 0
-8.55,6.24,-3.01, 0
-7.65,4.11,-3.11, 0
-7.20,4.28,-3.24, 0
-6.52,4.79,-3.04, 0
-5.01,5.00,-2.20, 0
-12.09,7.02,-0.03, 0
-6.56,13.29,-2.64, 0
-5.55,9.03,-1.60, 0
-6.20,7.78,-2.76, 0
-6.15,3.31,-2.81, 0
-7.43,1.30,-1.77, 0
-7.36,4.57,-1.25, 0
-6.63,5.95,-0.79, 0
-6.94,6.20,-1.77, 0
-7.31,7.69,-2.65, 0
-6.81,7.28,-1.88, 0
-6.28,6.22,-0.93, 0
-6.47,5.59,-1.14, 0
-6.51,5.46,-1.25, 0
-6.60,5.69,-0.52, 0
-7.94,5.36,-1.13, 0
-7.37,5.98,-0.96, 0
-7.07,5.59,-0.51, 0
-7.62,5.32,-0.80, 0
-9.24,4.00,-2.12, 0
-9.11,4.43,-2.08, 0
-8.91,3.86,-1.61, 0
-8.80,2.85,-1.63, 0
-8.42,3.49,-1.79, 0
-7.74,4.24,-2.56, 0
-9.58,3.74,-3.26, 0
-10.63,1.69,-3.31, 0
-8.90,3.19,-2.56, 0
-8.81,2.91,-2.35, 0
-9.20,3.08,-2.40, 0
-10.74,3.95,-3.39, 0
-9.41,3.47,-3.54, 0
-8.82,1.94,-3.10, 0
-10.04,5.02,-4.05, 0
-10.67,8.39,-6.09, 0
-10.31,6.37,-5.21, 0
-8.34,4.37,-2.70, 0
-6.84,4.98,-1.94, 0
-7.41,6.11,-0.96, 0
-6.93,3.84,-1.48, 0
-8.42,3.59,-3.21, 0
-7.73,3.07,-3.70, 0
-7.78,2.52,-3.41, 0
-7.00,4.11,-1.99, 0
-7.69,6.24,-1.23, 0
-8.43,6.19,-0.75, 0
-8.78,5.12,-0.89, 0
-8.62,4.35,-2.88, 0
-8.41,2.19,-2.15, 0
-9.24,3.88,-3.96, 0
-8.67,3.88,-2.51, 0
-9.12,4.18,-1.86, 0
-9.02,3.00,-1.90, 0
-8.60,2.83,-2.68, 0
-9.05,2.15,-2.65, 0
-8.44,0.91,-2.44, 0
-9.45,1.10,-2.53, 0
-10.61,2.27,-2.60, 0
-9.09,3.11,-2.19, 0
-9.42,2.83,-2.57, 0
-10.04,1.64,-3.30, 0
-9.61,0.21,-3.18, 0
-9.49,0.60,-3.06, 0
-9.44,0.98,-2.45, 0
-8.59,1.34,-1.33, 0
-9.15,1.21,-1.65, 0
-9.97,0.87,-2.97, 0
-9.57,0.19,-3.07, 0
-9.25,1.06,-2.43, 0
-9.64,2.42,-2.13, 0
-9.88,3.42,-2.19, 0
-9.63,2.61,-2.10, 0
-9.83,1.71,-1.87, 0
-9.72,2.13,-1.19, 0
-9.91,2.06,-1.40, 0
-9.62,2.09,-1.36, 0
-9.01,2.49,-0.85, 0
-8.68,2.60,-0.17, 0
-9.36,2.41,-0.79, 0
-9.64,2.37,-1.45, 0
-9.39,2.39,-1.93, 0
-9.59,2.66,-2.23, 0
-9.59,1.92,-1.90, 0
-8.90,1.84,-0.73, 0
-8.53,1.37,-0.08, 0
-8.65,0.85,-0.22, 0
-9.24,0.43,-0.42, 0
-9.15,0.67,-0.85, 0
-9.08,1.28,-1.24, 0
-9.00,0.25,-0.67, 0
-8.16,1.21,0.40, 0
-8.06,0.39,0.07, 0
-9.08,-0.77,-0.70, 0
-9.52,-0.54,-0.47, 0
-9.39,-0.07,0.02, 0
-8.72,-0.23,0.65, 0
-4.11,-0.25,-0.01, 0
-9.81,-1.57,-1.01, 0
-8.95,-1.17,-0.11, 0
-9.73,-0.45,-0.12, 0
-10.75,-0.83,-0.88, 0
-12.55,-0.77,-1.36, 0
-14.15,-2.76,-2.75, 0
-11.31,-2.13,-3.50, 0
-9.32,-1.33,-2.42, 0
-9.54,-2.03,-1.99, 0
-9.31,-0.14,-1.14, 0
-9.87,-0.22,-1.15, 0
-8.99,-0.44,-1.27, 0
-9.45,0.24,-2.43, 0
-10.64,-0.24,-3.60, 0
-10.37,-0.48,-4.22, 0
-9.30,0.04,-3.49, 0
-9.59,0.14,-3.22, 0
-9.40,0.80,-2.40, 0
-8.63,0.60,-2.11, 0
-9.04,1.23,-3.03, 0
-9.76,1.37,-3.90, 0
-11.20,0.58,-4.96, 0
-10.61,-0.19,-5.72, 0
-9.73,-0.41,-4.63, 0
-8.50,-0.27,-3.63, 0
-8.55,1.03,-2.88, 0
-8.90,1.62,-3.07, 0
-8.98,0.06,-4.05, 0
-8.38,-0.71,-3.36, 0
-7.14,-2.60,-3.10, 0
-8.05,-0.96,-3.53, 0
-8.63,0.10,-4.33, 0
-9.36,0.70,-5.11, 0
-10.00,-0.46,-6.14, 0
-9.24,0.79,-4.47, 0
-6.96,-0.39,-3.50, 0
-8.27,0.25,-4.45, 0
-8.90,-0.50,-5.58, 0
-9.71,-0.41,-5.36, 0
-9.68,-0.17,-5.02, 0
-9.07,-0.04,-3.91, 0
-8.32,-0.36,-3.91, 0
-8.50,-1.00,-4.45, 0
-8.19,-1.26,-4.16, 0
-8.22,-1.83,-4.65, 0
-8.37,-1.55,-4.43, 0
-8.79,-1.01,-4.04, 0
-8.93,-0.24,-3.83, 0
-9.10,-0.44,-4.13, 0
-9.20,-0.57,-4.16, 0
-9.45,-0.37,-4.32, 0
-9.33,-0.97,-4.23, 0
-8.38,-1.57,-4.54, 0
-7.77,-1.89,-4.65, 0
-7.87,-1.60,-4.39, 0
-8.16,-0.99,-4.54, 0
-9.50,-0.45,-4.78, 0
-10.78,0.25,-4.46, 0
-9.45,0.73,-2.86, 0
-8.90,0.82,-2.85, 0
-9.63,1.87,-2.91, 0
-10.96,2.24,-3.54, 0
-11.40,2.22,-3.75, 0
-9.14,0.79,-2.95, 0
-8.04,-0.26,-1.92, 0
-8.30,-0.41,-2.28, 0
-8.23,-0.39,-3.05, 0
-9.28,-0.19,-3.58, 0
-8.82,0.16,-3.38, 0
-8.66,0.63,-3.11, 0
-9.74,0.52,-3.35, 0
-8.95,1.22,-2.59, 0
-8.56,1.03,-2.49, 0
-9.35,1.25,-2.57, 0
-9.85,0.78,-2.73, 0
-9.67,-0.59,-3.53, 0
-9.24,-1.20,-3.54, 0
-8.87,-0.36,-3.26, 0
-9.11,0.81,-2.80, 0
-8.90,1.25,-2.32, 0
-8.36,1.03,-1.94, 0
-8.81,0.22,-2.08, 0
-8.93,-0.30,-2.35, 0
-9.16,-0.04,-3.03, 0
-8.73,0.53,-2.78, 0
-9.40,1.48,-2.82, 0
-9.24,1.62,-2.94, 0
-9.61,1.55,-3.52, 0
-9.85,1.41,-3.62, 0
-9.13,1.15,-3.12, 0
-8.99,1.41,-3.07, 0
-9.11,1.67,-3.06, 0
-9.53,1.93,-3.24, 0
-9.66,1.36,-3.65, 0
-9.63,0.57,-3.83, 0
-9.28,0.27,-3.88, 0
-8.80,0.58,-3.54, 0
-8.68,0.53,-3.31, 0
-8.64,0.38,-3.23, 0
-8.78,0.35,-3.39, 0
-8.73,0.29,-3.21, 0
-8.83,-0.47,-3.55, 0
-9.11,-0.86,-3.96, 0
-9.06,-0.42,-3.71, 0
-8.03,-0.02,-2.87, 0
-8.07,0.41,-2.54, 0
-8.83,0.60,-3.15, 0
-9.12,0.10,-3.94, 0
-10.20,-1.24,-5.27, 0
-11.86,-1.73,-6.17, 0
-10.07,-1.80,-5.49, 0
-8.57,-0.77,-4.19, 0
-8.05,0.88,-3.09, 0
-8.26,1.59,-3.37, 0
-8.32,0.97,-3.47, 0
-8.79,0.67,-3.88, 0
-9.12,-0.83,-4.53, 0
-7.96,-1.36,-5.70, 0
-8.24,-1.12,-4.86, 0
-8.46,-0.17,-4.74, 0
-9.32,0.45,-4.96, 0
-8.78,0.17,-4.47, 0
-8.27,-0.52,-4.29, 0
-8.04,-1.03,-4.46, 0
-8.43,-0.74,-4.59, 0
-8.47,-0.34,-4.79, 0
-8.37,-0.20,-4.81, 0
-8.42,-0.56,-4.88, 0
-8.28,-1.15,-4.80, 0
-8.53,-1.31,-4.60, 0
-8.98,-0.94,-4.91, 0
-8.95,-0.44,-5.30, 0
-8.60,-0.22,-5.63, 0
-8.74,-0.39,-5.31, 0
-7.95,-0.90,-5.27, 0
-7.75,-0.58,-4.84, 0
-8.09,-0.18,-4.84, 0
-8.53,-0.06,-5.27, 0
-8.44,-0.03,-5.43, 0
-8.38,-0.14,-5.26, 0
-8.30,0.16,-4.83, 0
-8.34,0.23,-4.66, 0
-8.33,0.09,-4.85, 0
-8.21,-0.40,-5.42, 0
-8.25,-0.91,-5.80, 0
-8.27,-0.71,-5.58, 0
-8.74,-0.40,-5.79, 0
-9.31,-0.20,-5.76, 0
-9.48,-0.27,-5.58, 0
-8.64,-0.91,-5.25, 0
-7.95,-1.11,-5.36, 0
-7.78,-0.93,-5.78, 0
-7.90,-1.22,-6.24, 0
-8.08,-1.02,-6.17, 0
-8.05,-0.83,-5.79, 0
-7.84,-0.87,-5.44, 0
-7.39,-1.06,-5.54, 0
-6.73,-1.21,-6.10, 0
-6.88,-0.58,-5.44, 0
-8.30,-1.05,-4.70, 0
-11.19,0.26,-5.59, 0
-12.04,0.81,-5.07, 0
-10.80,-2.02,-6.17, 0
-8.86,-4.44,-6.41, 0
-7.01,-6.73,-5.85, 0
-6.90,-4.50,-4.32, 0
-7.45,-1.79,-3.09, 0
-7.69,-0.71,-2.25, 0
-8.67,-1.17,-3.28, 0
-9.26,-1.74,-4.46, 0
-9.04,-2.55,-4.56, 0
-7.97,-2.49,-4.00, 0
-7.82,-2.21,-3.79, 0
-7.49,-2.53,-3.62, 0
-7.43,-2.73,-3.52, 0
-7.82,-2.08,-3.61, 0
-7.65,-1.44,-3.37, 0
-7.18,-1.22,-3.12, 0
-6.60,-1.61,-2.89, 0
-6.47,-2.34,-3.30, 0
-6.99,-2.65,-4.16, 0
-6.96,-1.67,-4.26, 0
-7.14,-0.80,-4.21, 0
-7.61,-0.67,-4.28, 0
-7.92,-0.74,-5.21, 0
-7.32,-2.79,-4.22, 1
-7.42,-3.11,-3.96, 1
-7.78,-1.15,-3.02, 1
-7.43,-0.38,-1.66, 1
-7.42,-0.21,-0.90, 1
-6.67,0.62,-1.02, 0
-5.03,-0.20,-2.04, 0
-3.97,-3.85,-3.02, 0
-3.43,-5.37,-3.53, 0
-7.04,-6.18,-9.18, 0
-7.75,-5.44,-7.32, 0
-6.61,-4.16,-3.61, 0
-6.55,-2.22,-4.36, 0
-8.50,-1.13,-4.64, 0
-9.50,-0.55,-4.09, 0
-9.11,-3.03,-5.04, 0
-7.44,-5.53,-5.62, 0
-6.66,-4.55,-4.93, 0
-9.65,-2.05,-4.13, 0
-12.23,-2.23,-3.78, 0
-11.11,-4.00,-5.11, 0
-10.40,-6.50,-6.11, 0
-11.69,-7.29,-5.96, 0
-14.65,-5.59,-4.34, 0
-19.62,-15.94,1.37, 0
-10.71,-3.14,1.02, 0
-6.55,-1.99,3.51, 0
-8.47,-10.16,-1.76, 0
-8.58,-7.89,-6.12, 0
-6.16,-4.57,-0.80, 0
-1.93,-4.46,4.46, 0
8.77,-11.61,6.39, 0
8.05,-6.56,0.92, 0
4.63,-7.36,1.97, 0
6.98,-10.91,6.35, 0
5.30,-13.41,0.22, 0
8.26,-12.24,0.53, 0
7.65,-10.90,3.58, 0
7.44,-12.21,4.26, 0
6.69,-13.23,1.83, 0
5.85,-11.45,2.27, 0
5.25,-10.52,1.06, 0
5.45,-10.40,2.08, 0
4.24,-10.30,0.36, 0
3.77,-10.08,-0.45, 0
2.46,-9.24,-0.85, 0
2.66,-9.49,-0.63, 0
1.28,-8.62,-0.80, 0
0.82,-8.84,-1.05, 0
1.37,-9.94,-0.69, 0
1.17,-10.08,-2.03, 0
1.53,-9.70,-1.31, 0
1.48,-9.62,-1.11, 0
1.14,-8.77,-1.11, 0
0.88,-9.31,-1.84, 0
0.93,-9.59,-2.04, 0
1.13,-9.71,-2.23, 0
1.14,-9.70,-2.12, 0
1.45,-9.49,-2.01, 0
1.48,-9.38,-2.24, 0
2.05,-10.77,-3.21, 0
3.34,-11.71,-3.52, 0
1.42,-10.88,-4.92, 0
2.12,-8.90,-3.68, 0
2.21,-7.58,-2.61, 0
1.01,-7.31,-3.23, 0
1.78,-8.67,-3.09, 0
2.10,-9.98,-3.71, 0
2.26,-10.09,-4.26, 0
2.15,-9.54,-4.21, 0
2.13,-8.80,-3.66, 0
2.40,-8.52,-3.18, 0
2.40,-8.82,-3.30, 0
2.17,-9.41,-3.63, 0
2.14,-9.51,-3.54, 0
2.25,-9.24,-3.31, 0
2.09,-8.98,-3.35, 0
1.90,-8.88,-3.33, 0
1.97,-9.02,-3.33, 0
1.83,-9.07,-3.14, 0
1.90,-9.22,-3.23, 0
1.85,-9.34,-3.39, 0
2.04,-9.31,-3.18, 0
1.94,-9.14,-3.01, 0
2.03,-9.13,-3.02, 0
1.93,-9.26,-3.16, 0
1.87,-9.29,-3.29, 0
1.84,-9.32,-3.30, 0
1.99,-9.22,-3.14, 0
1.96,-9.23,-3.10, 0
1.88,-9.32,-3.16, 0
1.92,-9.23,-3.19, 0
1.97,-9.19,-2.89, 0
1.95,-9.18,-3.15, 0
1.96,-9.28,-3.12, 0
1.99,-9.29,-3.05, 0
1.97,-9.19,-3.12, 0
2.00,-9.26,-3.10, 0
1.89,-9.21,-3.34, 0
2.02,-9.26,-2.98, 0
2.05,-9.33,-3.02, 0
1.94,-9.21,-3.02, 0
2.07,-9.24,-2.97, 0
2.05,-9.22,-3.05, 0
2.07,-9.24,-3.06, 0
1.97,-9.21,-3.09, 0
2.04,-9.29,-3.14, 0
1.99,-9.24,-3.09, 0
2.03,-9.16,-3.04, 0
2.01,-9.13,-3.11, 0
1.96,-9.35,-3.15, 0
2.06,-9.38,-2.89, 0
1.91,-9.25,-3.04, 0
1.93,-9.20,-3.21, 0
2.02,-9.28,-3.08, 0
2.05,-9.33,-3.02, 0
1.98,-9.28,-3.06, 0
1.85,-9.22,-3.22, 0
1.93,-9.22,-3.13, 0
1.95,-9.23,-3.00, 0
1.92,-9.28,-3.12, 0
1.92,-9.25,-3.07, 0
1.97,-9.27,-3.03, 0
1.98,-9.21,-2.86, 0
2.02,-9.24,-2.95, 0
1.96,-9.19,-3.12, 0
2.03,-9.25,-3.05, 0
1.90,-9.38,-3.08, 0
2.01,-9.30,-3.10, 0
2.07,-9.20,-2.96, 0
2.03,-9.23,-3.02, 0
2.05,-9.30,-3.05, 0
2.07,-9.30,-3.10, 0
2.04,-9.22,-3.18, 0
2.02,-9.24,-2.98, 0
2.01,-9.23,-3.04, 0
1.97,-9.24,-3.07, 0
1.98,-9.30,-2.99, 0
2.00,-9.22,-2.97, 0
1.96,-9.25,-3.02, 0
1.87,-9.28,-3.15, 0
1.84,-9.13,-3.20, 0
1.89,-9.29,-3.15, 0
2.11,-9.52,-2.99, 0
2.10,-9.49,-2.93, 0
2.11,-9.64,-3.07, 0
2.01,-9.87,-3.19, 0
2.13,-10.04,-3.41, 0
1.97,-10.07,-3.43, 0
1.81,-10.06,-3.28, 0
2.14,-10.08,-3.25, 0
1.69,-9.81,-3.60, 0
1.89,-9.50,-3.01, 0
1.86,-9.28,-2.47, 0
1.62,-9.78,-3.27, 0
1.67,-10.78,-3.46, 0
2.03,-10.82,-3.54, 0
1.82,-10.79,-3.48, 0
1.68,-10.78,-3.56, 0
1.50,-10.49,-3.26, 0
1.24,-10.33,-3.14, 0
0.59,-10.35,-3.47, 0
-0.03,-10.05,-2.94, 0
0.04,-10.07,-3.34, 0
-0.16,-10.11,-2.84, 0
-0.22,-10.02,-2.61, 0
-0.48,-10.22,-2.37, 0
-0.12,-10.42,-2.18, 0
-0.40,-9.70,-2.14, 0
-1.32,-9.47,-2.28, 0
-1.19,-9.73,-1.70, 0
-0.91,-9.56,-1.26, 0
-1.39,-9.82,-1.37, 0
-1.56,-9.72,-0.98, 0
-1.32,-8.81,-0.35, 0
-1.62,-7.67,0.13, 0
-2.60,-7.16,-0.31, 0
-3.20,-7.02,-0.48, 0
-3.20,-7.13,-0.49, 0
-2.65,-5.81,0.15, 0
-3.59,-5.13,-0.44, 0
-3.88,-4.86,-0.79, 0
-3.36,-5.07,-0.75, 0
-4.07,-5.19,-1.53, 0
-5.28,-5.83,-0.79, 0
-3.66,-7.73,-3.47, 0
-4.26,-10.84,-4.36, 0
-5.51,-12.11,-5.78, 0
-4.31,-12.75,-4.99, 0
-3.68,-11.17,-4.00, 0
-3.20,-8.10,-3.55, 0
-2.92,-6.27,-1.91, 0
-3.02,-7.12,-1.62, 0
-3.29,-8.06,-2.29, 0
-4.46,-8.77,-3.67, 0
-5.26,-10.25,-4.34, 0
-5.21,-10.68,-4.76, 0
-6.14,-9.77,-5.48, 0
-7.05,-9.24,-4.38, 0
-7.21,-8.65,-3.48, 0
-7.91,-7.76,-3.23, 0
-8.75,-8.56,-4.97, 0
-8.28,-8.82,-5.27, 0
-7.33,-8.74,-4.49, 0
-7.15,-8.10,-3.89, 0
-6.69,-7.54,-4.21, 0
-6.27,-7.01,-4.95, 0
-6.27,-6.79,-4.33, 0
-6.23,-6.90,-5.00, 0
-6.29,-6.78,-6.12, 0
-6.13,-6.10,-6.51, 0
-6.00,-5.87,-6.11, 0
-5.41,-6.10,-5.43, 0
-5.28,-6.24,-6.12, 0
-5.68,-6.34,-7.05, 0
-5.33,-6.26,-6.50, 0
-4.96,-6.50,-5.84, 0
-5.08,-6.65,-5.73, 0
-5.09,-7.04,-6.07, 0
-6.68,-7.24,-6.59, 0
-6.81,-6.84,-6.01, 0
-5.30,-5.53,-4.77, 0
-4.55,-4.86,-4.01, 0
-4.79,-4.21,-4.38, 0
-5.50,-4.15,-5.42, 0
-5.26,-4.49,-5.57, 0
-4.64,-3.66,-4.57, 0
-4.30,-2.27,-3.55, 0
-4.60,-1.83,-3.54, 0
-4.90,-3.20,-4.61, 0
-4.40,-5.26,-5.43, 0
-4.82,-6.41,-4.69, 0
-6.61,-5.46,-5.30, 0
-8.48,-2.61,-4.77, 0
-8.56,-0.76,-4.07, 0
-8.83,0.15,-4.00, 0
-9.75,0.00,-3.90, 0
-9.86,-1.15,-3.34, 0
-10.04,-1.92,-2.88, 0
-9.00,-0.11,-2.66, 0
-9.96,-0.56,-5.09, 0
-9.98,-3.49,-7.52, 0
-9.61,-3.49,-5.08, 0
-9.54,-1.56,-2.96, 0
-9.38,-0.75,-3.89, 0
-8.38,-0.97,-3.70, 0
-7.27,-0.23,-2.38, 0
-7.29,0.83,-2.32, 0
-7.95,1.16,-2.74, 0
-8.69,0.22,-3.34, 0
-8.56,-1.08,-3.14, 0
-7.96,-1.62,-2.50, 0
-7.91,-1.96,-2.52, 0
-8.30,-1.82,-3.00, 0
-9.11,-1.61,-3.55, 0
-8.75,-1.10,-2.79, 0
-9.08,-0.17,-3.15, 0
-8.96,0.13,-3.21, 0
-8.46,-0.10,-2.20, 0
-7.58,-0.88,-1.72, 0
-8.63,-1.42,-2.80, 0
-8.62,-2.52,-3.13, 0
-9.18,-1.90,-2.59, 0
-8.95,-1.16,-2.03, 0
-8.99,-1.10,-4.68, 0
-8.20,-1.66,-1.59, 0
-8.67,0.31,-0.92, 0
-8.33,-0.22,-1.57, 0
-7.40,-1.31,-2.49, 0
-8.70,-2.16,-4.77, 0
-10.78,-1.43,-5.81, 0
-11.20,-1.12,-5.83, 0
-10.07,-1.69,-5.50, 0
-9.30,-1.81,-5.21, 0
-8.95,-1.17,-5.05, 0
-7.93,0.92,-3.97, 0
-8.00,0.96,-3.76, 0
-7.48,0.84,-4.12, 0
-7.72,-0.49,-5.05, 0
-8.58,-1.00,-5.63, 0
-8.44,-0.22,-5.32, 0
-8.49,0.90,-5.02, 0
-8.30,1.42,-4.99, 0
-9.11,1.45,-5.67, 0
-10.92,2.34,-6.73, 0
-11.21,2.25,-7.05, 0
-9.31,0.64,-5.76, 0
-7.58,-0.63,-4.51, 0
-7.26,-0.72,-4.53, 0
-7.37,-0.57,-4.49, 0
-7.62,-0.68,-4.97, 0
-8.05,-0.34,-5.16, 0
-8.57,0.44,-5.46, 0
-8.73,0.79,-5.23, 0
-8.94,0.50,-5.43, 0
-8.77,0.18,-5.25, 0
-8.60,-0.20,-5.36, 0
-8.41,-0.52,-5.56, 0
-8.42,-0.46,-5.50, 0
-8.27,-0.32,-5.47, 0
-7.94,-0.52,-5.44, 0
-7.91,-0.84,-5.45, 0
-7.75,-0.93,-5.51, 0
-7.86,-0.84,-5.44, 0
-7.78,-0.75,-5.70, 0
-8.04,-1.33,-5.67, 0
-8.44,-1.30,-5.63, 0
-8.72,-0.49,-5.07, 0
-8.67,-0.46,-4.90, 0
-8.23,-0.49,-4.78, 0
-8.15,-1.57,-5.01, 0
-7.82,-2.00,-4.69, 0
-7.94,-1.66,-4.39, 0
-8.38,-1.24,-4.04, 0
-8.46,-0.64,-3.99, 0
-8.74,-0.67,-4.51, 0
-9.05,-0.87,-5.13, 0
-9.06,-0.75,-5.28, 0
-8.95,-0.54,-4.82, 0
-9.22,-0.24,-4.71, 0
-9.26,0.04,-4.62, 0
-9.10,0.17,-4.66, 0
-8.93,0.11,-4.75, 0
-8.81,0.01,-4.86, 0
-8.75,-0.00,-5.05, 0
-8.48,-0.07,-4.90, 0
-8.45,-0.15,-4.59, 0
-8.38,-0.20,-4.45, 0
-8.46,-0.29,-4.61, 0
-8.44,-0.30,-4.74, 0
-8.50,-0.07,-4.87, 0
-8.46,-0.19,-4.96, 0
-8.53,-0.15,-4.86, 0
-8.42,-0.24,-4.73, 0
-8.38,-0.26,-4.62, 0
-8.36,-0.28,-4.54, 0
-8.64,-0.02,-4.65, 0
-8.67,0.05,-4.74, 0
-8.58,0.01,-4.66, 0
-8.56,-0.07,-4.63, 0
-8.62,-0.03,-4.72, 0
-8.65,-0.04,-4.86, 0
-8.60,0.25,-4.71, 0
-8.73,0.34,-4.66, 0
-8.61,0.02,-4.59, 0
-8.55,-0.08,-4.67, 0
-8.57,0.00,-4.74, 0
-8.64,0.03,-4.75, 0
-8.59,0.07,-4.76, 0
-8.77,0.19,-4.80, 0
-8.81,0.29,-4.78, 0
-8.94,0.22,-4.82, 0
-8.85,0.17,-5.02, 0
-8.67,0.23,-4.69, 0
-8.58,0.38,-4.45, 0
-8.62,0.25,-4.61, 0
-8.82,0.16,-4.78, 0
-8.72,0.05,-4.83, 0
-8.54,0.15,-4.65, 0
-8.53,0.33,-4.50, 0
-8.57,0.41,-4.62, 0
-8.71,0.42,-4.63, 0
-8.84,0.38,-4.69, 0
-8.90,0.32,-4.59, 0
-8.64,0.24,-4.49, 0
-8.64,0.23,-4.68, 0
-8.73,0.26,-4.65, 0
-8.97,0.75,-4.59, 0
-8.96,0.66,-4.51, 0
-8.73,0.59,-4.42, 0
-8.68,0.67,-4.53, 0
-8.59,0.59,-4.40, 0
-8.66,0.43,-4.46, 0
-8.88,0.28,-4.56, 0
-8.61,0.36,-4.57, 0
-8.83,0.49,-4.50, 0
-8.61,0.77,-4.23, 0
-8.76,0.51,-4.25, 0
-8.77,0.39,-4.28, 0
-8.87,0.34,-4.33, 0
-8.82,0.44,-4.19, 0
-8.83,0.43,-4.11, 0
-8.75,0.65,-4.13, 0
-8.85,0.85,-4.17, 0
-8.90,0.80,-4.19, 0
-8.97,0.68,-4.26, 0
-8.95,0.32,-4.36, 0
-8.96,0.06,-4.20, 0
-8.77,0.13,-4.02, 0
-8.45,0.16,-4.05, 0
-8.51,0.07,-4.28, 0
-8.72,-0.25,-4.58, 0
-8.87,-0.58,-4.65, 0
-8.67,-0.27,-4.20, 0
-8.56,0.30,-3.72, 0
-8.57,0.33,-3.85, 0
-8.64,0.10,-4.08, 0
-8.80,0.27,-4.33, 0
-8.93,0.13,-4.54, 0
-8.65,0.11,-4.31, 0
-8.68,0.33,-4.10, 0
-8.55,0.42,-3.99, 0
-8.68,0.50,-4.10, 0
-8.71,0.52,-4.23, 0
-8.65,0.46,-4.22, 0
-8.70,0.63,-4.11, 0
-8.71,0.62,-4.25, 0
-8.43,0.20,-4.28, 0
-8.33,0.11,-4.18, 0
-8.49,0.19,-4.27, 0
-8.65,0.01,-4.41, 0
-8.67,0.31,-4.47, 0
-8.82,0.57,-4.55, 0
-8.74,0.70,-4.72, 0
-8.46,0.24,-4.78, 0
-8.67,0.07,-4.80, 0
-9.05,0.50,-4.74, 0
-8.95,0.77,-4.73, 0
-8.66,0.51,-4.78, 0
-8.54,0.23,-4.86, 0
-8.32,-0.17,-4.66, 0
-8.40,-0.21,-4.52, 0
-8.69,0.10,-4.56, 0
-8.76,0.64,-4.62, 0
-8.50,0.49,-4.84, 0
-8.33,0.06,-4.96, 0
-8.39,-0.17,-5.06, 0
-8.64,-0.07,-4.98, 0
-8.76,-0.02,-4.88, 0
-8.73,0.00,-4.94, 0
-8.79,0.15,-4.89, 0
-8.65,0.29,-4.83, 0
-8.52,0.16,-4.71, 0
-8.51,0.21,-4.79, 0
-8.56,-0.18,-5.02, 0
-8.41,0.06,-4.91, 0
-8.39,0.03,-5.03, 0
-8.46,-0.04,-4.98, 0
-8.32,-0.03,-4.81, 0
-8.37,-0.11,-4.73, 0
-8.32,-0.74,-5.02, 0
-7.90,-0.89,-5.07, 0
-8.02,-0.73,-5.11, 0
-7.91,-0.83,-5.07, 0
-8.09,-0.95,-5.18, 0
-8.14,-0.94,-5.10, 0
-8.10,-1.19,-5.20, 0
-8.03,-1.60,-5.56, 0
-7.92,-1.26,-5.08, 0
-7.78,-0.78,-4.68, 0
-7.70,-0.55,-4.86, 0
-7.75,-0.48,-5.17, 0
-7.24,-0.62,-5.09, 0
-7.33,-0.91,-5.02, 0
-7.45,-0.61,-4.72, 0
-7.57,0.17,-4.98, 0
-7.82,0.46,-5.07, 0
-7.21,0.86,-4.54, 0
-7.36,0.42,-4.74, 0
-7.72,0.49,-4.68, 1
-6.22,0.34,-3.94, 1
-7.43,0.51,-3.50, 1
-8.55,2.31,-3.95, 1
-8.76,2.85,-2.85, 0
-6.93,-1.83,-8.97, 0
-8.58,-4.22,-9.27, 0
-8.18,-1.71,-4.83, 0
-7.95,0.85,-3.62, 0
-8.27,1.63,-4.09, 0
-7.85,-0.21,-4.83, 0
-6.00,-2.83,-4.91, 0
-5.50,-3.53,-2.96, 0
-7.39,-3.33,-3.88, 0
-9.00,-2.03,-5.73, 0
-9.37,-0.58,-5.33, 0
-9.82,0.74,-5.33, 0
-9.41,0.41,-4.74, 0
-9.39,-1.15,-4.69, 0
-9.56,-1.56,-5.10, 0
-10.72,-0.23,-5.50, 0
-9.42,1.24,-6.62, 0
-8.76,1.35,-6.01, 0
-7.33,1.30,-2.40, 0
-6.57,-0.12,0.14, 0
-4.39,1.78,5.86, 0
-1.32,5.04,11.32, 0
7.20,-3.02,11.86, 0
10.91,-14.80,-1.02, 0
6.24,-18.92,-2.85, 0
15.75,-19.62,2.08, 0
12.98,-19.62,-6.21, 0
5.24,-19.62,3.09, 0
10.64,-11.21,13.27, 0
8.13,-9.59,19.62, 0
4.40,-10.07,19.62, 0
-0.43,-13.73,19.62, 0
-3.12,-13.21,15.39, 0
-8.67,-1.30,19.13, 0
-13.88,4.83,15.29, 0
-10.43,7.41,12.09, 0
-3.61,1.50,12.17, 0
0.03,-7.10,11.77, 0
-1.93,-9.27,7.86, 0
-4.99,-7.46,4.85, 0
-5.41,-4.20,1.88, 0
-6.18,-0.44,-0.24, 0
-6.07,0.11,0.94, 0
-3.37,-0.99,1.64, 0
-3.10,-3.73,2.77, 0
-3.53,-5.86,2.42, 0
-3.94,-6.96,0.97, 0
-3.58,-6.49,1.23, 0
-3.11,-5.45,2.92, 0
-2.46,-4.31,3.96, 0
-3.61,-4.21,4.64, 0
-4.64,-4.67,4.64, 0
-5.37,-5.69,4.99, 0
-4.38,-6.71,6.09, 0
-3.44,-7.36,7.11, 0
-3.64,-8.12,7.53, 0
-4.18,-7.98,7.25, 0
-5.26,-7.19,7.28, 0
-5.32,-6.98,7.47, 0
-4.38,-7.19,7.54, 0
-3.57,-7.53,8.15, 0
-3.57,-7.02,7.86, 0
-4.53,-6.04,7.04, 0
-4.40,-5.54,6.77, 0
-3.64,-5.65,6.74, 0
-3.31,-5.95,6.33, 0
-3.46,-6.15,6.03, 0
-3.46,-6.20,6.09, 0
-3.40,-6.46,5.82, 0
-3.57,-6.47,5.13, 0
-3.69,-6.25,4.98, 0
-3.57,-6.11,5.45, 0
-3.41,-6.10,5.45, 0
-3.55,-6.56,5.22, 0
-3.54,-7.01,5.27, 0
-3.44,-7.18,5.37, 0
-3.73,-6.98,5.08, 0
-4.06,-6.78,5.12, 0
-3.86,-6.75,5.70, 0
-3.67,-6.79,5.93, 0
-3.70,-7.01,5.91, 0
-3.66,-7.23,5.75, 0
-3.56,-7.29,5.96, 0
-3.65,-7.20,6.13, 0
-3.74,-7.23,5.97, 0
-3.48,-7.34,5.86, 0
-3.41,-7.08,5.85, 0
-3.48,-7.10,5.64, 0
-3.37,-7.11,5.51, 0
-3.33,-7.00,5.45, 0
-3.13,-6.96,5.51, 0
-3.19,-7.02,5.45, 0
-3.27,-6.92,5.34, 0
-3.57,-6.81,5.01, 0
-3.59,-6.78,5.01, 0
-3.26,-7.06,5.69, 0
-2.83,-7.26,6.10, 0
-2.95,-7.22,5.84, 0
-3.58,-6.71,5.07, 0
-4.05,-6.31,4.88, 0
-3.88,-6.53,5.19, 0
-3.09,-7.10,5.67, 0
-2.85,-7.44,5.75, 0
-3.03,-7.49,5.92, 0
-3.39,-7.16,5.59, 0
-3.53,-6.85,5.19, 0
-3.40,-6.69,5.53, 0
-3.21,-6.79,5.74, 0
-3.42,-7.06,5.84, 0
-3.19,-7.64,5.70, 0
-3.42,-7.44,5.43, 0
-3.77,-6.60,5.33, 0
-4.00,-5.92,5.59, 0
-3.82,-6.05,6.00, 0
-3.29,-6.54,6.32, 0
-3.15,-6.54,6.76, 0
-3.65,-6.96,6.56, 0
-4.09,-6.70,6.04, 0
-4.22,-5.15,5.49, 0
-4.18,-5.40,6.18, 0
-3.17,-7.28,6.21, 0
-1.26,-7.75,5.73, 0
0.11,-7.49,4.78, 0
-0.01,-7.48,3.81, 0
-0.23,-8.16,2.70, 0
0.34,-10.72,1.91, 0
2.06,-12.44,1.46, 0
2.96,-13.04,3.17, 0
3.32,-13.50,2.57, 0
0.89,-12.42,-0.37, 0
-1.42,-10.35,-1.40, 0
-1.19,-8.56,-0.46, 0
-0.46,-8.55,1.06, 0
0.39,-8.83,0.35, 0
0.47,-9.81,-0.55, 0
1.14,-10.95,-1.81, 0
0.79,-10.65,-2.69, 0
0.43,-10.87,-2.96, 0
0.76,-11.64,-3.43, 0
1.71,-12.07,-3.19, 0
3.62,-11.06,-2.66, 0
3.37,-9.97,-2.27, 0
2.98,-10.27,-1.32, 0
2.91,-9.70,-1.21, 0
1.78,-7.55,-2.40, 0
1.48,-6.30,-2.78, 0
2.15,-7.59,-1.84, 0
2.66,-8.38,-1.41, 0
2.36,-8.96,-2.08, 0
1.05,-9.38,-4.43, 0
0.02,-9.09,-4.98, 0
0.70,-7.38,-3.05, 0
1.43,-6.35,-1.12, 0
0.48,-5.90,-1.30, 0
-0.11,-6.30,-1.85, 0
-0.54,-9.17,-1.35, 0
1.40,-8.82,-0.23, 0
-1.18,-4.23,-1.94, 0
-0.19,-11.60,-1.31, 0
1.65,-16.13,-3.72, 0
2.21,-14.37,-5.11, 0
2.16,-11.58,-2.89, 0
2.92,-10.07,-0.71, 0
2.46,-9.32,-0.13, 0
1.68,-9.37,-1.43, 0
0.22,-9.06,-2.95, 0
-1.31,-8.24,-4.44, 0
-2.00,-8.02,-4.35, 0
-1.56,-8.16,-3.29, 0
-0.39,-8.81,-2.50, 0
-0.35,-9.99,-2.77, 0
-0.63,-10.40,-4.25, 0
-1.22,-10.42,-4.92, 0
-1.48,-10.20,-5.13, 0
-1.36,-9.75,-4.88, 0
-0.79,-9.56,-3.72, 0
-0.77,-9.78,-3.76, 0
-1.33,-9.52,-4.02, 0
-1.70,-9.20,-4.08, 0
-2.00,-8.43,-3.83, 0
-2.51,-7.95,-3.53, 0
-3.00,-8.14,-3.40, 0
-2.96,-8.44,-3.49, 0
-2.52,-8.73,-3.45, 0
-2.18,-8.96,-3.62, 0
-2.24,-8.84,-3.73, 0
-2.18,-8.52,-3.50, 0
-2.29,-8.62,-3.49, 0
-2.57,-9.03,-3.99, 0
-2.61,-9.08,-3.84, 0
-2.14,-8.93,-4.01, 0
-2.05,-9.00,-3.97, 0
-1.83,-9.34,-3.86, 0
-1.94,-9.48,-3.85, 0
-2.07,-9.44,-3.36, 0
-2.59,-9.08,-3.66, 0
-2.57,-8.69,-3.21, 0
-2.96,-9.02,-3.55, 0
-2.90,-8.84,-3.32, 0
-2.70,-8.54,-2.70, 0
-2.63,-8.40,-2.19, 0
-2.35,-8.90,-2.15, 0
-2.39,-9.31,-2.82, 0
-2.29,-9.45,-2.99, 0
-2.22,-9.37,-2.68, 0
-2.34,-9.20,-2.91, 0
-2.05,-9.23,-2.51, 0
-2.07,-9.68,-2.23, 0
-1.79,-9.60,-1.96, 0
-2.55,-9.17,-2.59, 0
-2.99,-8.53,-2.28, 0
-3.38,-7.58,-1.66, 0
-3.80,-7.92,-0.74, 0
-3.43,-7.98,-1.03, 0
-3.92,-7.98,-2.59, 0
-4.40,-8.24,-3.28, 0
-3.62,-9.03,-2.46, 0
-3.42,-9.23,-1.87, 0
-3.08,-8.75,-1.25, 0
-2.87,-8.97,-1.76, 0
-2.98,-9.72,-2.56, 0
-3.30,-10.18,-2.76, 0
-3.54,-9.67,-2.62, 0
-3.23,-8.42,-1.94, 0
-3.19,-7.43,-2.14, 0
-3.29,-7.53,-2.16, 0
-2.84,-8.47,-2.00, 0
-2.43,-9.45,-1.92, 0
-2.35,-10.03,-2.43, 0
-2.93,-10.41,-3.23, 0
-4.18,-10.97,-4.08, 0
-3.62,-10.63,-3.17, 0
-3.39,-9.06,-2.32, 0
-2.57,-7.88,-0.93, 0
-2.53,-8.02,-1.43, 0
-3.60,-8.70,-2.97, 0
-4.60,-9.51,-3.46, 0
-4.99,-10.62,-3.44, 0
-4.07,-11.48,-3.41, 0
-3.96,-10.70,-3.05, 0
-4.18,-9.70,-2.63, 0
-4.67,-10.25,-2.42, 0
-3.75,-10.83,-2.22, 0
-2.63,-10.29,-2.56, 0
-3.05,-9.05,-2.00, 0
-2.77,-8.65,-1.40, 0
-2.41,-7.84,-1.69, 0
-2.55,-6.85,-1.38, 0
-1.74,-7.81,-1.64, 0
-1.88,-9.58,-3.03, 0
-1.69,-9.95,-4.29, 0
-1.61,-9.44,-4.29, 0
-2.56,-7.12,-3.66, 0
-2.17,-6.27,-3.00, 0
-2.15,-7.14,-3.99, 0
-2.82,-8.55,-5.74, 0
-2.54,-8.87,-6.94, 0
-3.55,-7.22,-7.00, 0
-2.98,-7.24,-5.73, 0
-2.53,-7.74,-5.01, 0
-3.27,-8.27,-5.11, 0
-4.55,-8.72,-6.27, 0
-5.11,-8.37,-6.78, 0
-5.21,-7.73,-5.08, 0
-4.78,-7.34,-3.57, 0
-4.57,-9.33,-4.54, 0
-5.48,-10.14,-7.18, 0
-6.90,-8.90,-8.38, 0
-6.21,-7.50,-6.52, 0
-5.46,-6.62,-4.59, 0
-5.92,-7.05,-4.97, 0
-6.35,-8.06,-5.99, 0
-6.35,-8.09,-5.93, 0
-6.24,-7.30,-5.27, 0
-6.34,-6.53,-5.23, 0
-6.32,-5.85,-5.19, 0
-6.11,-5.65,-4.54, 0
-6.15,-5.64,-3.87, 0
-6.79,-5.89,-4.26, 0
-6.76,-5.86,-4.81, 0
-6.59,-6.10,-4.36, 0
-6.37,-5.53,-3.48, 0
-6.70,-4.30,-3.76, 0
-7.12,-3.82,-4.14, 0
-6.84,-4.15,-3.65, 0
-6.64,-5.19,-3.32, 0
-5.48,-5.93,-3.48, 0
-5.50,-5.95,-3.98, 0
-5.73,-4.70,-2.87, 0
-5.79,-3.31,-2.35, 0
-5.78,-2.53,-2.58, 0
-5.47,-2.20,-2.60, 0
-5.29,-2.65,-2.17, 0
-5.48,-3.14,-1.98, 0
-5.80,-3.55,-2.34, 0
-6.43,-3.96,-2.86, 0
-6.94,-4.57,-3.54, 0
-6.78,-4.64,-3.62, 0
-6.33,-4.61,-3.22, 0
-6.21,-4.17,-2.88, 0
-6.51,-3.61,-3.04, 0
-7.28,-3.75,-3.50, 0
-8.88,-4.70,-5.32, 0
-8.88,-5.00,-6.12, 0
-8.59,-4.58,-4.50, 0
-10.46,-3.14,-5.29, 0
-9.36,-2.07,-5.80, 0
-8.98,-2.47,-6.04, 0
-8.84,-2.10,-4.77, 0
-8.32,-0.09,-3.72, 0
-7.49,0.69,-3.69, 0
-6.99,-1.20,-4.02, 0
-10.54,-1.64,-6.89, 0
-12.55,-1.69,-9.26, 0
-12.66,-2.91,-9.04, 0
-8.79,-1.72,-5.59, 0
-7.29,-0.73,-3.88, 0
-6.84,1.29,-3.03, 0
-6.10,1.91,-2.96, 0
-6.44,0.17,-4.08, 0
-7.66,-1.20,-5.39, 0
-9.48,-0.58,-5.62, 0
-9.33,-0.68,-6.13, 0
-8.84,-0.02,-5.63, 0
-8.44,0.58,-4.33, 0
-8.30,0.81,-4.39, 0
-8.59,0.29,-5.12, 0
-8.51,0.06,-5.84, 0
-8.39,-1.20,-6.84, 0
-7.73,-2.23,-7.04, 0
-7.85,-1.21,-5.75, 0
-8.07,-1.48,-5.17, 0
-8.19,-2.23,-4.84, 0
-8.40,-1.66,-4.62, 0
-8.50,-2.28,-5.10, 0
-8.00,-4.05,-5.46, 0
-7.46,-4.69,-5.19, 0
-7.23,-3.13,-4.15, 0
-7.61,-1.27,-3.29, 0
-8.38,0.17,-3.00, 0
-8.95,-0.04,-3.47, 0
-9.88,-0.45,-4.64, 0
-9.59,-1.21,-5.07, 0
-8.76,-2.15,-5.07, 0
-8.50,-1.77,-4.97, 0
-8.11,-1.45,-4.33, 0
-7.92,-1.67,-4.20, 0
-8.55,-1.75,-4.36, 0
-9.30,-0.68,-4.44, 0
-9.46,-0.17,-4.16, 0
-9.69,0.24,-3.83, 0
-9.25,-0.45,-4.20, 0
-8.94,-0.89,-4.77, 0
-9.00,-0.76,-4.85, 0
-8.90,-0.68,-4.50, 0
-8.86,-0.37,-4.13, 0
-8.07,-0.37,-3.80, 0
-8.46,-1.31,-4.91, 0
-8.85,-1.89,-5.31, 0
-9.10,-0.88,-5.16, 0
-8.67,-1.05,-4.31, 0
-8.85,-0.48,-4.01, 0
-7.98,-0.82,-3.84, 0
-8.38,-1.32,-4.44, 0
-8.57,-1.25,-4.34, 0
-8.58,-0.58,-3.95, 0
-9.05,-0.23,-3.93, 0
-9.29,0.55,-4.00, 0
-8.84,0.56,-3.50, 0
-8.92,-0.15,-3.39, 0
-8.47,-0.22,-3.31, 0
-8.81,-0.27,-3.43, 0
-8.70,-0.49,-3.81, 0
-8.43,-0.70,-3.92, 0
-8.70,-0.77,-4.08, 0
-8.79,-0.71,-4.07, 0
-8.52,-1.01,-3.89, 0
-8.99,-1.03,-4.45, 0
-9.04,-1.01,-4.50, 0
-8.89,-1.31,-5.07, 0
-9.69,-1.87,-6.19, 0
-9.62,-2.37,-6.44, 0
-8.24,-2.18,-5.05, 0
-7.93,-0.77,-4.27, 0
-8.04,0.50,-3.95, 0
-8.73,-0.03,-4.46, 0
-8.40,-1.08,-4.43, 0
-8.02,-2.04,-4.86, 0
-8.20,-1.59,-5.41, 0
-8.51,-0.90,-5.57, 0
-8.58,-0.68,-5.31, 0
-8.69,-0.31,-5.06, 0
-8.33,-0.38,-4.64, 0
-7.85,-0.70,-4.72, 0
-7.77,-1.37,-5.24, 0
-8.14,-1.56,-5.57, 0
-8.47,-1.42,-5.57, 0
-8.46,-0.77,-5.47, 0
-8.19,-0.08,-5.44, 0
-7.94,0.32,-5.11, 0
-8.31,0.61,-4.96, 0
-8.38,0.04,-5.36, 0
-8.21,-0.34,-5.42, 0
-7.98,-0.44,-5.26, 0
-7.89,-0.28,-5.55, 0
-8.12,-0.63,-5.71, 0
-8.21,-0.30,-5.28, 0
-8.24,-0.08,-5.20, 0
-8.42,0.25,-5.24, 0
-8.68,0.76,-5.47, 0
-8.69,0.40,-5.87, 0
-8.33,-1.12,-6.22, 0
-7.51,-1.72,-5.62, 0
-6.97,-1.82,-5.26, 0
-7.15,-1.79,-5.42, 0
-7.64,-1.41,-5.79, 0
-7.77,-1.01,-6.00, 0
-7.80,-0.21,-5.54, 0
-8.17,0.56,-5.39, 0
-8.16,0.40,-5.69, 0
-7.90,-0.95,-6.31, 0
-7.29,-1.30,-5.69, 0
-6.66,-1.69,-5.29, 0
-6.75,-1.70,-5.82, 0
-6.63,-1.74,-5.42, 1
-6.28,-0.95,-4.73, 1
-6.98,-0.80,-5.35, 1
-6.49,-1.32,-5.32, 1
-6.07,-2.01,-4.46, 1
-7.85,-1.09,-4.78, 1
-7.28,-1.71,-7.53, 0
-7.34,-5.04,-9.33, 0
-6.47,-4.29,-7.04, 0
-6.35,-2.56,-5.87, 0
-6.88,-0.67,-4.77, 0
-6.17,-0.67,-4.20, 0
-4.88,-2.55,-4.21, 0
-4.32,-3.87,-4.32, 0
-5.68,-3.75,-5.27, 0
-6.63,-2.62,-5.60, 0
-6.74,-2.11,-5.22, 0
-6.44,-1.75,-4.49, 0
-7.59,-1.41,-5.13, 0
-8.33,-0.81,-6.05, 0
-8.92,-1.07,-6.40, 0
-8.12,-0.78,-5.27, 0
-8.54,-1.19,-5.38, 0
-9.39,-0.86,-5.59, 0
-8.49,-0.59,-4.80, 0
-6.46,-1.07,-3.95, 0
-6.62,-1.71,-4.61, 0
-7.13,-0.59,-5.84, 0
-4.66,-0.72,-3.14, 0
-3.93,-0.91,-2.79, 0
-3.36,-0.64,-2.11, 0
-3.20,-1.85,-4.49, 0
-2.67,-1.59,-7.42, 0
0.97,-3.46,-8.16, 0
6.66,-10.69,-9.86, 0
10.78,-15.87,-6.63, 0
16.04,-16.72,-2.66, 0
8.24,-11.43,-8.39, 0
2.87,-12.34,-9.57, 0
7.71,-13.80,-7.86, 0
7.23,-10.75,-6.93, 0
8.12,-8.01,-1.42, 0
7.11,-8.13,-2.46, 0
12.71,-14.57,-6.43, 0
15.61,-19.58,-4.40, 0
15.13,-14.39,-3.84, 0
6.84,-10.33,-3.80, 0
11.52,-12.07,-3.65, 0
11.17,-9.20,-2.51, 0
11.24,-7.00,2.08, 0
10.01,-6.62,0.28, 0
2.04,-8.76,-8.08, 0
2.78,-9.78,-6.50, 0
5.07,-9.33,-4.45, 0
6.54,-8.14,0.27, 0
2.28,-8.11,-3.45, 0
0.40,-7.32,-3.33, 0
0.86,-7.22,-4.34, 0
2.30,-7.09,-3.81, 0
3.54,-8.67,-2.42, 0
3.53,-10.67,-4.37, 0
3.22,-9.76,-5.58, 0
2.20,-7.59,-5.01, 0
2.79,-7.43,-3.63, 0
3.75,-7.83,-4.36, 0
4.70,-8.44,-3.49, 0
5.42,-8.73,-3.21, 0
4.20,-8.31,-4.82, 0
4.21,-7.45,-3.50, 0
4.28,-7.02,-2.55, 0
4.38,-7.74,-3.50, 0
4.62,-8.56,-4.43, 0
5.38,-7.92,-2.63, 0
4.62,-7.81,-2.59, 0
4.54,-8.89,-3.47, 0
4.69,-8.96,-3.74, 0
4.45,-8.01,-3.03, 0
4.33,-7.70,-2.76, 0
4.49,-8.41,-3.30, 0
4.00,-8.68,-3.72, 0
4.05,-7.97,-2.80, 0
4.08,-7.87,-2.69, 0
4.43,-8.50,-3.77, 0
4.13,-8.88,-3.89, 0
4.60,-8.39,-3.20, 0
4.45,-8.55,-3.02, 0
4.19,-8.81,-4.07, 0
3.92,-8.69,-4.00, 0
4.31,-8.27,-3.27, 0
4.45,-8.70,-3.01, 0
3.96,-8.97,-4.64, 0
3.96,-8.35,-3.83, 0
4.30,-7.84,-2.88, 0
4.33,-8.28,-3.36, 0
3.81,-8.49,-4.45, 0
4.30,-8.10,-3.26, 0
4.58,-8.16,-2.93, 0
4.69,-8.70,-3.82, 0
4.62,-8.74,-3.86, 0
4.60,-8.58,-3.86, 0
4.73,-8.92,-3.76, 0
4.79,-8.80,-4.33, 0
4.34,-8.75,-4.63, 0
5.05,-9.23,-4.39, 0
6.17,-9.86,-3.50, 0
5.90,-9.84,-4.37, 0
5.29,-9.68,-4.52, 0
5.67,-9.57,-4.11, 0
5.59,-9.58,-4.36, 0
4.81,-9.30,-4.58, 0
4.44,-9.21,-4.32, 0
4.87,-9.52,-4.80, 0
4.96,-9.81,-4.91, 0
4.89,-9.23,-4.15, 0
4.61,-8.76,-4.75, 0
4.60,-8.83,-4.30, 0
4.57,-8.55,-3.85, 0
4.10,-8.21,-4.56, 0
4.67,-8.26,-4.00, 0
4.73,-8.39,-3.30, 0
4.14,-7.91,-3.92, 0
3.99,-7.87,-3.67, 0
3.79,-8.40,-3.35, 0
3.64,-7.96,-3.10, 0
3.25,-7.90,-3.21, 0
3.28,-8.74,-2.70, 0
3.20,-8.59,-3.31, 0
3.18,-8.23,-3.79, 0
3.56,-8.74,-3.06, 0
2.97,-9.27,-3.76, 0
2.46,-8.82,-3.79, 0
3.36,-9.01,-2.93, 0
3.38,-9.15,-3.33, 0
2.54,-9.48,-3.96, 0
2.73,-9.85,-4.19, 0
2.70,-9.78,-3.68, 0
2.28,-8.97,-4.10, 0
2.11,-8.32,-3.25, 0
2.90,-8.72,-2.76, 0
2.67,-9.50,-3.52, 0
2.18,-9.36,-3.61, 0
1.61,-8.52,-3.37, 0
0.92,-8.05,-3.25, 0
0.65,-7.87,-3.35, 0
0.79,-7.19,-3.05, 0
0.66,-7.31,-3.01, 0
0.81,-8.15,-3.34, 0
0.51,-8.88,-3.55, 0
0.58,-9.42,-2.94, 0
0.99,-9.10,-3.11, 0
1.01,-8.73,-3.29, 0
0.16,-7.99,-2.55, 0
-0.69,-7.36,-2.13, 0
-0.46,-7.75,-2.71, 0
0.12,-8.95,-2.74, 0
0.63,-9.09,-2.41, 0
1.17,-8.98,-1.41, 0
1.66,-9.89,-1.57, 0
1.47,-10.63,-2.37, 0
0.87,-9.98,-2.02, 0
0.56,-8.52,-2.88, 0
0.75,-7.40,-0.63, 0
0.32,-6.56,-0.38, 0
-1.11,-6.02,-0.70, 0
-2.66,-5.57,-1.93, 0
-1.15,-7.42,-1.93, 0
0.19,-9.10,-1.68, 0
1.14,-10.09,-2.82, 0
1.68,-11.38,-1.76, 0
2.37,-13.45,-3.39, 0
2.11,-14.19,-3.52, 0
0.87,-13.52,-3.45, 0
0.27,-10.82,-3.28, 0
0.98,-10.06,-3.21, 0
2.00,-10.01,-1.96, 0
2.32,-11.12,-2.28, 0
2.14,-11.42,-3.17, 0
1.92,-11.44,-3.51, 0
1.94,-12.08,-4.35, 0
1.92,-11.24,-4.23, 0
1.81,-10.44,-3.50, 0
2.08,-10.35,-2.90, 0
2.37,-10.60,-3.66, 0
2.04,-10.09,-4.46, 0
1.54,-9.54,-4.91, 0
1.31,-9.45,-5.12, 0
1.42,-9.13,-3.79, 0
1.57,-8.65,-3.05, 0
1.23,-8.69,-3.98, 0
1.25,-8.61,-4.45, 0
0.68,-7.57,-4.30, 0
0.07,-7.23,-5.34, 0
-0.25,-7.30,-5.72, 0
0.27,-7.68,-4.76, 0
0.96,-7.70,-4.00, 0
0.88,-7.47,-4.41, 0
0.47,-7.74,-5.68, 0
0.61,-8.20,-6.02, 0
0.81,-8.41,-5.56, 0
0.44,-8.40,-5.38, 0
-0.04,-8.41,-5.94, 0
0.04,-8.55,-6.04, 0
0.42,-8.30,-5.01, 0
-0.52,-8.40,-4.84, 0
-1.04,-8.04,-5.97, 0
-1.03,-7.35,-6.35, 0
-1.36,-7.08,-5.75, 0
-1.01,-6.83,-5.40, 0
-1.20,-6.70,-5.48, 0
-1.32,-6.86,-5.47, 0
-1.21,-6.84,-6.11, 0
-1.15,-6.59,-6.68, 0
-1.29,-6.22,-6.30, 0
-2.00,-5.74,-6.04, 0
-2.11,-5.51,-6.22, 0
-2.30,-5.88,-6.08, 0
-3.36,-6.57,-6.25, 0
-4.15,-6.94,-6.71, 0
-4.81,-6.70,-7.05, 0
-5.16,-5.86,-6.36, 0
-6.19,-4.98,-6.09, 0
-6.72,-4.09,-5.55, 0
-6.90,-3.83,-5.05, 0
-7.15,-4.32,-5.48, 0
-6.46,-4.90,-5.83, 0
-6.35,-5.45,-6.32, 0
-6.90,-5.70,-7.01, 0
-8.67,-6.69,-7.76, 0
-9.94,-6.43,-8.33, 0
-7.88,-5.22,-7.60, 0
-6.44,-4.94,-5.40, 0
-7.01,-4.65,-4.94, 0
-9.47,-3.87,-6.24, 0
-9.33,-2.80,-5.77, 0
-8.12,-1.47,-3.98, 0
-7.23,-0.46,-2.50, 0
-7.42,-0.59,-2.58, 0
-7.40,-1.72,-3.52, 0
-6.93,-2.85,-4.18, 0
-6.63,-3.61,-4.08, 0
-6.60,-3.66,-3.35, 0
-6.99,-3.54,-3.21, 0
-7.45,-3.54,-3.83, 0
-7.59,-3.33,-4.05, 0
-7.63,-3.00,-3.80, 0
-7.86,-2.74,-3.70, 0
-8.12,-2.73,-3.89, 0
-8.14,-3.11,-3.98, 0
-7.92,-3.69,-4.17, 0
-7.55,-4.10,-4.25, 0
-7.13,-4.21,-4.23, 0
-6.98,-4.17,-4.26, 0
-6.76,-4.16,-4.43, 0
-6.49,-4.39,-4.05, 0
-6.78,-4.03,-3.71, 0
-6.63,-4.68,-4.03, 0
-6.71,-4.49,-4.30, 0
-8.01,-4.50,-5.61, 0
-8.53,-3.66,-7.18, 0
-7.99,-3.58,-6.44, 0
-7.75,-2.53,-5.99, 0
-7.44,-1.55,-5.12, 0
-7.43,-1.35,-5.01, 0
-7.03,-1.47,-5.14, 0
-7.51,-1.82,-5.17, 0
-8.17,-1.72,-5.81, 0
-7.26,-2.96,-5.54, 0
-6.02,-3.72,-4.87, 0
-7.09,-3.13,-4.81, 0
-11.62,-1.95,-8.27, 0
-12.95,-2.69,-9.64, 0
-9.01,-3.75,-7.00, 0
-7.28,-4.06,-4.75, 0
-7.61,-3.00,-4.34, 0
-7.52,-2.41,-4.53, 0
-8.03,-1.83,-5.07, 0
-8.58,-0.79,-5.48, 0
-8.43,-0.76,-5.50, 0
-8.10,-1.27,-5.09, 0
-8.40,-1.41,-4.87, 0
-8.16,-1.57,-4.58, 0
-8.48,-1.53,-4.55, 0
-8.72,-1.31,-5.29, 0
-6.80,-1.97,-5.56, 0
-7.34,-3.17,-6.11, 0
-7.63,-3.65,-5.85, 0
-7.98,-2.79,-5.64, 0
-8.32,-2.31,-5.76, 0
-8.10,-1.98,-5.72, 0
-7.92,-2.08,-6.71, 0
-8.49,-2.74,-5.36, 0
-8.19,-2.11,-4.85, 0
-7.50,-2.82,-5.41, 0
-7.52,-3.49,-5.86, 0
-7.50,-3.09,-5.32, 0
-8.10,-3.19,-5.38, 0
-8.65,-3.20,-5.24, 0
-8.32,-3.31,-5.02, 0
-7.99,-3.84,-4.89, 0
-7.91,-3.66,-5.13, 0
-7.59,-3.55,-4.94, 0
-7.48,-3.52,-4.86, 0
-7.42,-3.34,-4.47, 0
-7.73,-2.70,-3.97, 0
-8.08,-2.76,-3.96, 0
-8.23,-3.36,-5.36, 0
-7.87,-3.12,-5.10, 0
-7.37,-2.49,-3.94, 0
-7.54,-2.03,-3.50, 0
-8.35,-1.92,-4.00, 0
-9.32,-1.84,-4.57, 0
-9.72,-2.11,-4.72, 0
-9.32,-2.51,-4.53, 0
-8.81,-2.74,-4.17, 0
-8.55,-2.58,-4.24, 0
-8.89,-2.14,-4.51, 0
-8.58,-1.83,-4.10, 0
-8.51,-1.85,-3.67, 0
-8.53,-2.11,-3.49, 0
-8.50,-2.36,-3.82, 0
-8.36,-2.25,-3.96, 0
-8.22,-2.49,-3.94, 0
-8.10,-2.75,-4.07, 0
-8.50,-2.65,-4.42, 0
-8.74,-2.56,-4.43, 0
-8.47,-2.59,-4.08, 0
-8.27,-2.45,-3.86, 0
-8.34,-2.56,-4.10, 0
-8.23,-2.84,-4.33, 0
-8.25,-2.90,-4.32, 0
-8.62,-2.61,-4.28, 0
-8.88,-2.02,-4.14, 0
-8.48,-2.25,-3.98, 0
-8.09,-2.97,-4.33, 0
-7.99,-3.62,-4.93, 0
-8.37,-3.45,-4.99, 0
-8.09,-2.94,-4.60, 0
-8.15,-2.47,-4.47, 0
-7.87,-2.43,-3.98, 0
-8.25,-2.05,-3.57, 0
-8.62,-1.97,-3.37, 0
-8.63,-2.34,-3.60, 0
-8.73,-1.78,-3.59, 0
-9.17,-1.25,-3.75, 0
-9.10,-1.42,-3.93, 0
-8.81,-1.83,-3.95, 0
-8.30,-2.40,-3.91, 0
-8.15,-2.24,-3.87, 0
-8.26,-2.02,-3.82, 0
-8.66,-1.56,-3.58, 0
-8.77,-1.22,-3.68, 0
-8.49,-2.37,-4.62, 0
-9.31,-3.84,-6.58, 0
-9.67,-4.66,-7.73, 0
-8.19,-4.48,-6.12, 0
-6.76,-3.51,-4.45, 0
-6.97,-2.09,-3.27, 0
-8.00,-1.62,-3.31, 0
-7.90,-3.10,-3.84, 0
-7.78,-4.27,-5.21, 0
-7.86,-4.42,-6.16, 0
-7.87,-3.80,-5.96, 0
-8.20,-2.75,-5.61, 0
-8.21,-2.74,-5.79, 0
-7.03,-3.72,-5.64, 0
-6.67,-4.46,-5.56, 0
-6.52,-4.27,-5.43, 0
-6.62,-3.82,-5.59, 0
-7.45,-3.15,-6.16, 0
-8.16,-2.71,-6.39, 0
-8.33,-2.34,-5.91, 0
-7.59,-2.31,-5.23, 0
-7.50,-2.10,-5.30, 0
-7.19,-2.51,-5.41, 0
-6.89,-3.04,-5.29, 0
-7.15,-3.28,-5.25, 0
-7.40,-3.58,-5.69, 0
-7.23,-3.45,-5.18, 0
-7.17,-2.75,-5.02, 0
-7.27,-2.63,-5.16, 0
-7.57,-3.27,-5.49, 0
-8.21,-2.72,-5.70, 0
-8.87,-1.83,-5.45, 0
-8.30,-2.35,-4.98, 0
-6.82,-3.16,-4.51, 0
-6.19,-4.11,-4.41, 0
-6.67,-3.74,-4.52, 0
-7.11,-3.19,-4.72, 0
-7.10,-3.30,-4.75, 0
-6.89,-4.21,-5.05, 0
-6.96,-4.63,-5.32, 0
-7.43,-3.54,-4.77, 0
-8.04,-3.38,-4.72, 0
-7.49,-3.59,-5.09, 0
-7.65,-3.89,-5.49, 0
-7.67,-3.72,-4.81, 1
-7.46,-2.93,-3.18, 1
-6.09,-2.83,-4.03, 1
-7.04,-2.77,-4.02, 1
-6.11,-2.30,0.54, 1
-7.19,-0.97,-0.12, 0
-4.79,-4.06,-8.78, 0
-3.08,-6.72,-3.28, 0
-5.05,-7.59,-4.06, 0
-7.06,-5.96,-3.04, 0
-6.52,-4.08,-3.10, 0
-6.90,-3.10,-4.54, 0
-7.66,-3.49,-5.21, 0
-6.81,-4.98,-4.58, 0
-5.31,-6.99,-2.91, 0
-5.34,-5.99,-2.73, 0
-7.02,-4.89,-3.80, 0
-8.46,-4.63,-5.15, 0
-8.54,-5.89,-5.87, 0
-9.13,-4.92,-6.10, 0
-9.05,-3.92,-5.30, 0
-8.77,-4.31,-4.68, 0
-7.13,-5.12,-2.48, 0
-7.55,-4.54,-4.24, 0
-9.45,-3.88,-7.23, 0
-9.11,-3.74,-5.17, 0
-7.70,-4.88,-5.48, 0
-4.49,-1.26,-1.85, 0
1.76,-2.67,5.98, 0
3.83,-6.97,2.48, 0
5.28,-9.40,-3.31, 0
9.68,-10.95,1.15, 0
13.14,-12.26,1.31, 0
7.04,-12.47,-3.45, 0
7.19,-11.03,-0.13, 0
13.32,-7.89,4.45, 0
11.42,-8.23,3.83, 0
8.82,-12.45,-0.64, 0
7.41,-12.19,-4.94, 0
12.38,-12.55,2.01, 0
15.49,-13.38,5.49, 0
11.13,-14.70,1.40, 0
11.32,-13.26,2.55, 0
12.63,-11.04,5.44, 0
9.89,-11.42,0.85, 0
7.57,-10.82,0.80, 0
1.34,-9.50,0.13, 0
2.56,-10.61,-0.03, 0
1.97,-11.62,-1.22, 0
2.92,-12.15,-2.03, 0
3.93,-12.09,0.69, 0
3.51,-11.67,2.15, 0
0.72,-11.91,-3.13, 0
-0.57,-10.12,-1.66, 0
0.69,-9.20,0.26, 0
0.58,-8.53,0.28, 0
0.20,-9.30,0.10, 0
-1.31,-9.53,-1.91, 0
-1.30,-7.98,-1.24, 0
0.02,-7.19,0.20, 0
1.15,-8.04,0.83, 0
0.77,-9.44,-1.54, 0
0.20,-8.44,-2.87, 0
1.42,-7.59,-0.45, 0
2.92,-8.75,0.77, 0
1.91,-9.59,-1.81, 0
1.26,-8.70,-2.86, 0
2.03,-9.01,-1.21, 0
3.04,-10.02,-1.50, 0
2.23,-9.88,-2.35, 0
1.71,-9.12,-2.13, 0
2.43,-9.69,-1.67, 0
2.30,-10.66,-3.22, 0
2.45,-9.81,-2.58, 0
2.47,-9.91,-1.77, 0
2.85,-10.67,-2.61, 0
2.12,-10.09,-3.70, 0
2.04,-9.26,-2.64, 0
2.60,-9.24,-2.24, 0
2.82,-9.59,-2.47, 0
2.95,-9.75,-2.12, 0
2.57,-10.10,-2.49, 0
2.59,-9.58,-2.44, 0
2.07,-8.85,-2.77, 0
2.34,-9.17,-1.52, 0
2.41,-9.53,-1.85, 0
1.57,-9.20,-2.88, 0
1.47,-9.16,-2.29, 0
1.83,-9.15,-1.68, 0
1.93,-9.32,-1.84, 0
1.58,-9.57,-2.57, 0
1.83,-9.62,-1.96, 0
1.99,-9.53,-1.96, 0
1.89,-9.51,-2.04, 0
1.80,-9.37,-2.09, 0
1.92,-9.37,-1.81, 0
2.14,-9.65,-2.02, 0
2.15,-9.60,-2.00, 0
1.87,-9.54,-1.99, 0
1.91,-9.48,-1.86, 0
1.87,-9.39,-2.38, 0
1.74,-9.19,-2.25, 0
2.11,-9.56,-1.74, 0
2.16,-9.85,-2.04, 0
1.83,-9.36,-2.60, 0
1.73,-9.14,-2.12, 0
2.26,-9.54,-1.75, 0
1.94,-9.84,-2.65, 0
1.77,-9.41,-2.78, 0
2.10,-9.19,-1.79, 0
2.29,-9.63,-1.60, 0
1.87,-9.81,-2.94, 0
1.63,-9.26,-2.88, 0
2.20,-9.39,-1.54, 0
2.26,-9.63,-1.83, 0
1.82,-9.64,-2.57, 0
1.89,-9.39,-2.41, 0
2.13,-9.41,-1.78, 0
1.83,-9.71,-2.38, 0
1.72,-9.39,-2.58, 0
1.92,-9.14,-1.98, 0
2.03,-9.30,-1.63, 0
1.77,-9.52,-2.43, 0
1.73,-9.49,-2.82, 0
2.02,-9.28,-1.96, 0
2.05,-9.37,-1.60, 0
1.84,-9.65,-2.42, 0
1.94,-9.55,-2.61, 0
2.05,-9.47,-2.02, 0
2.12,-9.38,-1.81, 0
1.99,-9.57,-2.17, 0
1.93,-9.77,-2.68, 0
1.85,-9.42,-2.34, 0
1.97,-9.30,-1.75, 0
1.92,-9.76,-2.23, 0
1.90,-9.60,-2.78, 0
1.84,-9.22,-2.17, 0
2.15,-9.58,-1.63, 0
1.85,-9.78,-2.50, 0
1.68,-9.38,-2.72, 0
1.95,-9.06,-1.68, 0
2.15,-9.53,-1.54, 0
1.94,-9.93,-2.57, 0
1.78,-9.55,-2.57, 0
2.09,-9.19,-1.56, 0
2.09,-9.68,-1.57, 0
1.86,-10.03,-2.60, 0
1.79,-9.35,-2.30, 0
1.71,-8.89,-1.30, 0
1.78,-9.40,-1.54, 0
1.95,-10.23,-2.84, 0
2.06,-10.05,-2.91, 0
2.34,-9.22,-1.57, 0
2.38,-9.46,-1.34, 0
2.53,-10.23,-2.65, 0
2.90,-9.95,-2.54, 0
3.04,-9.44,-1.78, 0
2.73,-9.11,-1.24, 0
2.42,-9.18,-1.65, 0
2.24,-9.02,-2.76, 0
2.34,-8.84,-2.79, 0
2.62,-9.65,-2.80, 0
2.77,-10.93,-3.04, 0
2.77,-10.87,-2.79, 0
2.53,-10.15,-2.86, 0
2.42,-9.84,-2.90, 0
2.49,-10.37,-2.64, 0
2.59,-11.06,-3.30, 0
2.91,-10.69,-3.05, 0
2.67,-9.73,-2.71, 0
1.81,-9.33,-2.63, 0
1.66,-8.72,-2.51, 0
1.74,-8.64,-2.54, 0
1.50,-9.45,-3.29, 0
1.51,-9.75,-2.98, 0
1.89,-9.59,-2.87, 0
1.51,-9.54,-3.78, 0
1.14,-9.72,-4.60, 0
1.89,-10.68,-3.15, 0
0.91,-10.86,-3.78, 0
0.25,-9.75,-4.87, 0
0.91,-9.13,-3.94, 0
0.94,-8.66,-3.55, 0
0.61,-7.13,-3.83, 0
0.31,-6.48,-4.18, 0
1.02,-7.41,-4.94, 0
0.69,-8.32,-5.00, 0
0.83,-8.44,-5.20, 0
1.09,-9.19,-5.52, 0
1.68,-9.67,-4.97, 0
0.68,-9.64,-5.65, 0
0.66,-9.77,-5.73, 0
1.31,-9.97,-5.02, 0
0.27,-10.22,-6.22, 0
-0.74,-9.27,-8.15, 0
0.77,-9.51,-6.12, 0
1.61,-10.42,-5.82, 0
0.94,-10.43,-6.96, 0
1.39,-10.45,-7.26, 0
1.32,-10.33,-5.98, 0
0.20,-9.80,-5.82, 0
0.34,-8.33,-5.46, 0
-0.04,-6.93,-5.25, 0
-0.30,-6.54,-4.51, 0
0.47,-6.18,-3.65, 0
0.06,-6.10,-3.72, 0
-0.08,-7.00,-4.24, 0
1.05,-7.64,-3.73, 0
1.83,-8.47,-3.00, 0
1.19,-9.49,-3.46, 0
0.86,-9.41,-4.67, 0
1.25,-7.68,-2.74, 0
1.56,-8.59,-2.34, 0
0.39,-8.33,-2.45, 0
0.18,-8.10,-3.68, 0
-0.05,-8.35,-3.59, 0
0.29,-8.90,-2.79, 0
0.10,-7.65,-1.85, 0
-0.92,-5.89,-1.52, 0
-2.19,-4.75,-2.21, 0
-1.20,-4.79,-1.46, 0
-0.81,-5.24,-0.93, 0
0.98,-8.55,-1.30, 0
2.35,-11.60,-4.06, 0
1.73,-12.61,-6.12, 0
3.13,-11.92,-2.72, 0
2.26,-11.63,-2.78, 0
2.05,-12.66,-4.89, 0
2.45,-12.95,-4.73, 0
2.04,-11.07,-3.76, 0
2.32,-10.86,-4.28, 0
1.74,-11.10,-3.89, 0
3.27,-12.37,-4.37, 0
3.23,-12.19,-4.50, 0
2.57,-10.59,-4.43, 0
1.80,-9.49,-3.71, 0
1.76,-9.40,-2.82, 0
2.28,-10.19,-4.09, 0
2.64,-10.66,-4.89, 0
1.87,-9.88,-5.65, 0
0.87,-8.47,-5.76, 0
0.61,-7.82,-5.22, 0
1.18,-8.41,-4.01, 0
1.46,-8.45,-3.94, 0
0.93,-8.08,-4.66, 0
0.38,-7.90,-4.80, 0
0.15,-7.86,-5.48, 0
-0.00,-7.39,-5.24, 0
-0.06,-6.76,-4.97, 0
-0.35,-6.46,-5.02, 0
-0.17,-7.24,-5.12, 0
0.21,-7.87,-5.14, 0
0.17,-8.21,-5.74, 0
0.12,-8.75,-6.30, 0
-0.53,-8.88,-6.16, 0
-0.82,-7.64,-5.39, 0
-1.02,-6.53,-5.35, 0
-1.18,-6.54,-5.92, 0
-1.61,-7.07,-5.78, 0
-2.11,-7.41,-5.94, 0
-1.76,-7.85,-6.07, 0
-1.58,-8.49,-5.97, 0
-1.92,-8.08,-6.70, 0
-2.33,-7.66,-7.04, 0
-2.62,-7.62,-6.88, 0
-2.64,-7.17,-6.58, 0
-3.22,-6.52,-6.69, 0
-3.63,-6.11,-6.93, 0
-3.74,-6.16,-7.11, 0
-3.58,-6.38,-7.04, 0
-3.44,-6.18,-6.53, 0
-3.64,-5.87,-6.26, 0
-3.67,-5.33,-6.57, 0
-3.60,-4.97,-6.77, 0
-3.36,-4.86,-6.34, 0
-3.18,-4.83,-6.36, 0
-3.74,-4.74,-6.62, 0
-5.25,-4.82,-7.21, 0
-6.40,-4.56,-6.87, 0
-6.96,-3.13,-5.89, 0
-8.13,-2.72,-4.60, 0
-9.22,-1.62,-3.88, 0
-8.76,-1.93,-3.65, 0
-7.15,-4.47,-4.83, 0
-6.59,-6.72,-5.77, 0
-6.28,-7.59,-5.93, 0
-6.48,-6.86,-5.20, 0
-7.08,-6.81,-4.76, 0
-6.91,-6.71,-5.00, 0
-7.08,-6.28,-5.19, 0
-7.24,-5.26,-5.09, 0
-7.40,-3.86,-3.88, 0
-7.31,-2.83,-3.04, 0
-7.86,-2.67,-2.95, 0
-7.69,-3.01,-3.39, 0
-7.67,-3.25,-3.44, 0
-7.58,-3.57,-2.82, 0
-7.57,-3.21,-2.68, 0
-7.96,-2.55,-2.81, 0
-8.32,-2.32,-2.92, 0
-8.43,-2.28,-3.14, 0
-8.40,-2.62,-3.17, 0
-8.15,-3.13,-3.04, 0
-7.91,-3.06,-2.76, 0
-8.58,-3.12,-3.64, 0
-8.28,-2.72,-2.58, 0
-7.96,-2.37,-2.29, 0
-8.13,-2.26,-2.42, 0
-8.33,-2.99,-3.18, 0
-8.18,-2.70,-2.95, 0
-8.06,-2.45,-2.71, 0
-7.86,-2.77,-2.81, 0
-8.23,-2.60,-2.90, 0
-8.49,-2.52,-3.02, 0
-9.39,-2.48,-2.69, 0
-10.28,-3.13,-3.75, 0
-10.13,-3.76,-4.27, 0
-9.18,-4.01,-4.76, 0
-9.56,-4.69,-6.70, 0
-9.82,-4.25,-6.97, 0
-8.36,-3.69,-5.19, 0
-7.06,-3.34,-4.03, 0
-7.23,-2.37,-4.19, 0
-7.94,-1.86,-4.17, 0
-8.66,-2.19,-4.33, 0
-8.94,-2.12,-4.53, 0
-7.77,-2.28,-4.69, 0
-7.15,-2.68,-4.70, 0
-7.07,-2.21,-5.45, 0
-7.09,-1.89,-5.96, 0
-7.41,-1.08,-5.87, 0
-8.37,-1.67,-5.91, 0
-8.55,-1.88,-5.79, 0
-8.01,-1.55,-5.01, 0
-7.38,-2.05,-5.60, 0
-7.18,-2.66,-5.92, 0
-7.24,-2.63,-6.14, 0
-7.61,-3.04,-5.83, 0
-7.92,-3.32,-6.55, 0
-7.96,-2.95,-6.64, 0
-8.21,-2.47,-6.06, 0
-8.22,-2.14,-5.74, 0
-7.95,-2.08,-5.15, 0
-8.09,-1.73,-4.71, 0
-8.14,-2.00,-4.85, 0
-7.99,-2.66,-5.46, 0
-7.84,-3.04,-5.85, 0
-7.78,-2.72,-5.91, 0
-8.01,-2.66,-5.94, 0
-8.06,-2.48,-5.76, 0
-8.00,-2.48,-5.44, 0
-7.70,-2.49,-5.11, 0
-7.42,-2.32,-5.08, 0
-7.60,-2.00,-5.26, 0
-7.78,-1.69,-5.57, 0
-7.65,-1.76,-5.60, 0
-7.50,-1.97,-5.58, 0
-7.80,-2.13,-5.83, 0
-8.26,-2.94,-6.47, 0
-8.46,-3.21,-6.50, 0
-8.46,-2.38,-5.73, 0
-7.48,-2.07,-5.10, 0
-6.77,-2.71,-5.51, 0
-6.80,-3.90,-6.48, 0
-6.77,-4.50,-6.36, 0
-7.22,-3.99,-6.16, 0
-7.90,-2.82,-5.61, 0
-8.49,-2.43,-5.05, 0
-8.68,-2.86,-5.34, 0
-8.24,-3.47,-5.92, 0
-7.42,-3.74,-6.01, 0
-7.25,-4.22,-6.36, 0
-7.31,-4.29,-5.99, 0
-7.13,-4.11,-5.17, 0
-6.90,-4.03,-4.53, 0
-6.56,-4.01,-4.21, 0
-6.48,-4.13,-4.19, 0
-7.10,-3.96,-4.58, 0
-7.70,-3.42,-4.75, 0
-7.83,-2.93,-4.52, 0
-8.71,-2.95,-4.83, 0
-9.35,-2.94,-5.08, 0
-9.04,-3.22,-4.91, 0
-7.73,-3.71,-4.21, 0
-7.20,-3.97,-4.53, 0
-7.53,-3.33,-5.00, 0
-7.77,-2.84,-5.03, 0
-7.97,-2.47,-4.83, 0
-7.51,-2.13,-3.88, 0
-7.67,-2.21,-3.90, 0
-7.77,-2.23,-4.00, 0
-7.87,-2.43,-4.38, 0
-8.40,-2.43,-4.96, 0
-8.41,-1.74,-4.60, 0
-8.10,-2.02,-4.22, 0
-7.84,-2.89,-4.22, 0
-7.89,-3.12,-4.48, 0
-7.42,-3.22,-4.32, 0
-7.98,-3.86,-5.34, 0
-8.97,-3.56,-5.74, 0
-8.99,-3.47,-5.91, 0
-7.46,-3.32,-4.69, 0
-7.33,-3.13,-4.58, 0
-7.63,-3.26,-5.52, 0
-7.08,-3.19,-6.03, 0
-6.94,-2.96,-5.85, 0
-7.30,-2.69,-5.51, 0
-7.74,-2.08,-5.48, 0
-7.94,-2.32,-5.47, 0
-6.47,-3.30,-4.94, 1
-4.45,-3.99,-3.33, 1
-4.19,-4.45,-3.88, 1
-5.82,-3.42,-5.49, 1
-6.91,-1.66,-4.84, 0
-5.31,-3.23,-4.46, 0
-6.82,-6.05,-9.68, 0
-5.90,-5.57,-6.57, 0
-5.70,-4.55,-5.11, 0
-5.72,-3.58,-4.12, 0
-6.61,-2.90,-4.87, 0
-6.34,-3.26,-5.12, 0
-4.16,-3.97,-4.60, 0
-2.40,-5.51,-4.14, 0
-1.88,-6.48,-3.88, 0
-3.48,-6.90,-5.16, 0
-4.73,-5.27,-6.84, 0
-4.04,-1.97,-6.25, 0
-3.19,0.76,-4.18, 0
-2.37,0.35,-3.46, 0
-3.27,-2.86,-3.65, 0
-2.05,-5.07,-4.07, 0
0.12,-4.95,-3.55, 0
-2.07,-4.75,-2.72, 0
-5.65,-4.11,-0.32, 0
-9.85,-1.03,5.90, 0
-6.56,1.18,11.56, 0
-7.84,-1.94,19.62, 0
-9.53,-5.80,19.62, 0
-4.78,-6.94,19.62, 0
-2.21,3.33,19.62, 0
-3.99,12.59,19.62, 0
6.59,6.21,19.62, 0
3.77,-5.06,13.58, 0
0.23,-0.70,7.15, 0
2.28,3.71,14.03, 0
1.01,-0.05,8.83, 0
2.05,-2.30,6.55, 0
2.61,-2.55,5.63, 0
1.74,-1.04,4.30, 0
0.80,1.27,1.99, 0
-1.35,3.36,0.10, 0
-2.30,2.81,0.30, 0
-0.85,0.01,1.52, 0
0.39,-1.78,1.87, 0
0.68,-1.83,2.43, 0
0.16,-1.10,3.71, 0
-0.86,-1.62,4.64, 0
-1.14,-4.07,5.21, 0
-1.58,-7.10,5.33, 0
-1.74,-8.76,6.59, 0
-1.81,-10.10,8.96, 0
-1.73,-11.93,9.45, 0
-1.72,-13.53,9.53, 0
-1.39,-15.77,9.76, 0
-1.65,-15.07,9.41, 0
-3.00,-11.97,9.09, 0
-3.77,-9.16,8.12, 0
-4.14,-7.44,7.58, 0
-2.84,-6.84,7.16, 0
-1.57,-6.97,6.32, 0
-0.70,-6.78,5.40, 0
-0.53,-6.03,5.01, 0
-0.71,-5.21,4.66, 0
-0.76,-4.96,4.52, 0
-0.48,-4.92,4.71, 0
-0.34,-5.13,4.65, 0
-0.12,-5.50,4.98, 0
-0.12,-6.00,5.12, 0
-0.43,-6.40,5.38, 0
-0.81,-6.36,6.30, 0
-0.69,-6.38,7.31, 0
-0.72,-7.05,7.66, 0
-0.73,-7.72,7.75, 0
-0.58,-8.01,7.83, 0
-0.50,-7.96,8.10, 0
-0.37,-7.75,8.06, 0
-0.25,-7.68,7.95, 0
-0.29,-7.59,7.40, 0
-0.25,-7.46,7.17, 0
-0.41,-7.16,6.94, 0
-0.67,-6.85,6.42, 0
-0.82,-6.51,6.03, 0
-1.12,-6.27,5.67, 0
-1.03,-6.06,5.77, 0
-0.80,-5.93,6.05, 0
-0.73,-6.13,6.16, 0
-0.46,-6.57,6.25, 0
-0.18,-6.98,6.46, 0
0.06,-7.22,6.68, 0
0.07,-7.27,6.86, 0
0.09,-7.38,6.92, 0
0.12,-7.48,6.88, 0
0.11,-7.56,6.74, 0
0.14,-7.61,6.74, 0
0.15,-7.42,6.73, 0
0.09,-7.22,6.72, 0
0.16,-7.07,6.58, 0
0.04,-7.03,6.48, 0
0.05,-7.01,6.39, 0
-0.01,-6.85,6.35, 0
0.00,-6.85,6.35, 0
-0.02,-6.90,6.38, 0
-0.03,-6.92,6.39, 0
-0.01,-7.04,6.45, 0
0.04,-7.08,6.58, 0
0.01,-7.13,6.63, 0
-0.06,-7.08,6.64, 0
-0.03,-7.22,6.66, 0
-0.12,-7.11,6.49, 0
-0.21,-6.95,6.62, 0
-0.10,-6.92,6.92, 0
-0.14,-6.88,6.83, 0
-0.24,-6.90,6.63, 0
-0.18,-6.89,6.50, 0
-0.18,-6.92,6.53, 0
-0.21,-6.78,6.59, 0
-0.21,-6.81,6.62, 0
-0.19,-6.94,6.58, 0
-0.22,-6.99,6.46, 0
-0.19,-6.93,6.57, 0
-0.08,-6.92,6.71, 0
-0.05,-6.92,6.76, 0
0.00,-6.98,6.81, 0
-0.08,-7.02,6.74, 0
-0.19,-7.01,6.74, 0
-0.19,-6.93,6.64, 0
-0.19,-6.92,6.68, 0
-0.15,-6.92,6.58, 0
-0.12,-6.96,6.71, 0
-0.12,-7.02,6.67, 0
-0.17,-6.96,6.51, 0
-0.36,-6.93,6.42, 0
-0.24,-7.03,6.51, 0
-0.19,-6.92,6.43, 0
-0.11,-6.96,6.71, 0
-0.06,-7.05,6.69, 0
-0.11,-7.07,6.53, 0
-0.22,-7.03,6.60, 0
-0.19,-7.01,6.61, 0
-0.13,-7.05,6.63, 0
-0.05,-7.14,6.58, 0
-0.03,-7.19,6.55, 0
-0.09,-7.14,6.56, 0
-0.24,-7.02,6.51, 0
-0.40,-6.96,6.56, 0
-0.37,-6.84,6.70, 0
-0.32,-6.90,6.62, 0
-0.24,-7.03,6.52, 0
-0.23,-7.07,6.52, 0
-0.28,-6.93,6.64, 0
-0.32,-6.93,6.66, 0
-0.30,-6.95,6.67, 0
-0.32,-7.07,6.54, 0
-0.32,-7.07,6.55, 0
-0.28,-7.15,6.56, 0
-0.34,-6.99,6.48, 0
-0.51,-6.95,6.43, 0
-0.48,-7.04,6.46, 0
-0.30,-7.02,6.56, 0
-0.26,-7.01,6.63, 0
-0.27,-6.93,6.69, 0
-0.40,-6.95,6.56, 0
-0.41,-6.98,6.56, 0
-0.31,-7.09,6.60, 0
-0.27,-7.13,6.48, 0
-0.30,-7.10,6.45, 0
-0.29,-7.09,6.67, 0
-0.32,-7.05,6.57, 0
-0.43,-7.16,6.41, 0
-0.48,-7.04,6.37, 0
-0.51,-6.96,6.53, 0
-0.44,-6.97,6.60, 0
-0.44,-7.06,6.66, 0
-0.39,-7.05,6.66, 0
-0.48,-6.99,6.59, 0
-0.57,-6.96,6.58, 0
-0.45,-7.02,6.58, 0
-0.43,-7.11,6.51, 0
-0.40,-7.04,6.69, 0
-0.49,-7.02,6.64, 0
-0.63,-6.87,6.52, 0
-0.77,-7.06,6.33, 0
-0.51,-7.10,6.46, 0
-0.44,-7.03,6.62, 0
-0.44,-7.02,6.65, 0
-0.52,-7.03,6.59, 0
-0.61,-7.07,6.46, 0
-0.65,-7.05,6.56, 0
-0.58,-7.15,6.49, 0
-0.45,-7.16,6.36, 0
-0.37,-7.16,6.45, 0
-0.42,-7.04,6.60, 0
-0.47,-6.99,6.62, 0
-0.52,-7.03,6.45, 0
-0.55,-7.07,6.40, 0
-0.49,-7.00,6.65, 0
-0.56,-7.00,6.71, 0
-0.60,-7.00,6.60, 0
-0.72,-7.02,6.58, 0
-0.82,-7.00,6.58, 0
-0.86,-6.90,6.52, 0
-0.92,-6.87,6.55, 0
-0.78,-7.06,6.39, 0
-0.64,-7.08,6.52, 0
-0.78,-7.02,6.61, 0
-0.82,-6.82,6.54, 0
-0.90,-7.08,6.09, 0
-0.65,-7.10,6.29, 0
-0.45,-7.04,6.57, 0
-0.45,-7.04,6.70, 0
-0.51,-7.13,6.47, 0
-0.52,-7.19,6.32, 0
-0.53,-7.16,6.64, 0
-0.58,-7.21,6.89, 0
-0.59,-7.37,6.67, 0
-0.60,-7.47,6.51, 0
-0.54,-7.33,6.49, 0
-0.22,-7.30,6.98, 0
-0.34,-7.47,6.39, 0
-0.10,-7.53,6.20, 0
-0.07,-7.75,6.24, 0
-0.13,-7.84,5.98, 0
-0.12,-7.88,6.02, 0
0.17,-8.12,5.98, 0
-0.14,-7.49,5.92, 0
-0.62,-6.54,6.01, 0
-0.48,-6.71,6.43, 0
0.43,-7.82,6.63, 0
0.59,-8.30,6.10, 0
0.63,-7.68,6.52, 0
0.39,-6.66,7.37, 0
0.32,-6.34,7.49, 0
-0.04,-6.58,7.28, 0
-0.48,-6.43,6.70, 0
-1.01,-6.03,6.71, 0
-1.37,-5.52,6.96, 0
-1.91,-5.10,7.37, 0
-2.31,-4.61,7.77, 0
-2.52,-4.55,7.70, 0
-2.91,-4.63,8.29, 0
-3.50,-4.84,8.71, 0
-4.23,-5.78,8.07, 0
-4.77,-6.09,8.02, 0
-5.73,-4.94,8.03, 0
-6.44,-4.11,7.10, 0
-6.34,-4.88,7.11, 0
-5.43,-5.90,7.01, 0
-4.81,-5.70,7.23, 0
-4.69,-5.20,7.11, 0
-4.25,-5.48,6.53, 0
-4.59,-5.87,5.86, 0
-4.45,-5.61,6.20, 0
-4.33,-5.58,6.74, 0
-4.69,-5.41,5.98, 0
-4.91,-5.34,5.66, 0
-4.55,-5.86,5.95, 0
-4.23,-6.53,5.98, 0
-4.17,-6.94,5.49, 0
-3.52,-6.68,5.70, 0
-3.27,-6.29,6.52, 0
-2.81,-6.57,6.33, 0
-3.07,-7.16,5.04, 0
-2.67,-7.98,5.14, 0
-2.37,-8.03,5.43, 0
-2.19,-7.52,5.10, 0
-1.80,-7.60,5.79, 0
-1.72,-7.88,6.35, 0
-1.74,-7.89,5.78, 0
-1.37,-7.08,5.21, 0
-1.22,-6.78,5.17, 0
-0.23,-7.58,6.44, 0
0.57,-8.51,6.85, 0
-0.39,-8.95,4.30, 0
-0.94,-7.69,3.92, 0
0.08,-7.86,6.10, 0
1.06,-8.20,5.79, 0
0.00,-7.26,5.19, 0
-0.22,-6.65,4.66, 0
-0.08,-7.46,3.98, 0
0.85,-8.65,3.99, 0
1.16,-7.95,3.71, 0
0.84,-7.82,3.60, 0
1.68,-8.94,3.72, 0
2.49,-8.49,2.50, 0
1.98,-8.89,2.55, 0
1.30,-10.06,3.08, 0
2.05,-10.84,2.21, 0
2.10,-9.42,2.05, 0
1.52,-7.63,2.47, 0
1.25,-8.50,3.05, 0
1.30,-9.26,2.17, 0
1.88,-9.99,1.85, 0
1.65,-9.94,1.23, 0
1.07,-9.10,2.67, 0
1.11,-8.36,2.56, 0
1.27,-9.52,2.06, 0
1.46,-11.29,2.15, 0
1.28,-11.06,2.32, 0
1.01,-8.46,2.32, 0
0.37,-8.16,1.66, 0
0.43,-9.21,2.33, 0
0.95,-10.11,1.58, 0
1.05,-10.52,0.70, 0
1.48,-10.55,1.41, 0
1.30,-10.73,2.16, 0
0.86,-10.09,1.47, 0
0.41,-9.27,0.79, 0
0.21,-10.07,-0.16, 0
0.89,-11.00,-0.18, 0
1.54,-10.82,0.42, 0
1.43,-10.03,0.58, 0
1.61,-9.09,0.51, 0
0.68,-8.19,-0.66, 0
0.21,-8.44,-0.30, 0
0.34,-8.83,0.16, 0
0.16,-8.26,0.28, 0
-0.43,-7.15,0.96, 0
0.23,-7.36,1.83, 0
-0.40,-7.81,-1.28, 0
-0.16,-9.29,-1.94, 0
0.51,-10.86,-0.38, 0
0.80,-10.82,1.17, 0
-0.42,-9.81,-1.46, 0
-0.77,-9.29,-1.54, 0
0.19,-10.14,1.04, 0
0.17,-10.89,0.57, 0
-0.66,-11.80,-2.71, 0
0.71,-11.29,-0.64, 0
0.94,-10.08,0.20, 0
-0.35,-9.57,-1.95, 0
0.28,-9.17,-0.36, 0
-0.13,-9.08,-0.65, 0
-0.81,-10.80,-3.24, 0
-1.76,-11.11,-4.30, 0
-0.72,-9.35,-1.51, 0
-1.44,-8.32,-1.33, 0
-3.07,-10.38,-4.41, 0
-4.56,-12.51,-5.48, 0
-4.83,-11.39,-5.85, 0
-6.42,-8.80,-6.29, 0
-5.88,-8.63,-5.22, 0
-4.69,-10.94,-5.80, 0
-5.26,-11.03,-7.89, 0
-4.76,-10.67,-5.84, 0
-4.38,-9.23,-4.73, 0
-5.02,-8.08,-5.02, 0
-5.32,-7.60,-5.81, 0
-5.17,-7.39,-5.90, 0
-4.89,-7.95,-5.57, 0
-3.97,-7.93,-4.82, 0
-3.34,-8.16,-4.45, 0
-2.69,-7.84,-4.05, 0
-2.55,-7.47,-3.59, 0
-2.04,-7.14,-3.25, 0
-1.88,-6.86,-3.32, 0
-2.17,-6.84,-4.22, 0
-2.27,-7.20,-5.05, 0
-2.59,-6.91,-4.72, 0
-3.50,-5.58,-4.72, 0
-4.23,-4.78,-4.68, 0
-4.00,-5.27,-4.69, 0
-3.81,-5.69,-4.94, 0
-3.97,-5.39,-4.20, 0
-4.51,-5.23,-4.42, 0
-5.16,-5.59,-5.35, 0
-5.10,-5.49,-4.99, 0
-4.90,-5.23,-3.97, 0
-5.98,-5.00,-4.46, 0
-6.74,-4.48,-4.52, 0
-7.26,-5.09,-5.18, 0
-7.01,-5.86,-5.93, 0
-6.26,-5.87,-4.92, 0
-6.12,-4.69,-3.99, 0
-6.12,-3.90,-4.16, 0
-6.31,-3.88,-5.17, 0
-6.64,-4.36,-6.37, 0
-7.00,-5.51,-7.05, 0
-7.22,-6.49,-7.13, 0
-7.22,-6.35,-6.81, 0
-7.23,-5.04,-5.80, 0
-7.59,-3.99,-5.82, 0
-8.26,-3.88,-5.91, 0
-8.12,-3.92,-5.76, 0
-7.26,-2.80,-4.90, 0
-6.52,-1.14,-3.45, 0
-6.60,-0.31,-2.87, 0
-7.56,-0.86,-3.56, 0
-8.25,-1.97,-4.68, 0
-8.18,-3.00,-5.13, 0
-7.82,-3.58,-4.92, 0
-7.07,-3.58,-4.19, 0
-6.96,-3.05,-4.02, 0
-7.69,-2.07,-3.97, 0
-8.50,-1.76,-4.40, 0
-8.73,-1.71,-4.40, 0
-8.10,-2.04,-4.05, 0
-7.90,-2.61,-4.11, 0
-7.78,-2.57,-4.51, 0
-7.76,-2.47,-4.82, 0
-7.96,-2.25,-4.39, 0
-8.12,-1.63,-4.09, 0
-8.18,-1.10,-3.92, 0
-8.67,-2.71,-5.97, 0
-9.99,-4.89,-8.31, 0
-8.66,-8.39,-9.23, 0
-6.76,-8.02,-7.30, 0
-6.80,-5.73,-3.94, 0
-8.21,-2.13,-3.38, 0
-8.81,-1.05,-4.27, 0
-8.67,-2.36,-4.98, 0
-7.11,-4.76,-5.41, 0
-6.12,-7.13,-6.51, 0
-5.45,-7.49,-6.90, 0
-5.15,-5.22,-6.46, 0
-4.39,-4.34,-6.24, 0
-4.23,-4.84,-5.38, 0
-4.93,-5.59,-6.22, 0
-5.40,-5.49,-7.06, 0
-6.45,-4.16,-7.82, 0
-7.71,-3.12,-7.89, 0
-7.93,-2.40,-7.43, 0
-7.45,-2.41,-6.51, 0
-6.66,-2.81,-5.80, 0
-6.20,-3.57,-6.02, 0
-6.41,-3.82,-6.44, 0
-7.17,-3.64,-7.24, 0
-7.13,-3.16,-7.02, 0
-6.82,-3.47,-6.23, 0
-6.49,-3.98,-5.52, 0
-6.40,-3.71,-5.80, 0
-6.97,-3.06,-6.71, 0
-6.66,-2.77,-6.92, 0
-5.86,-4.03,-6.71, 0
-5.35,-5.16,-7.34, 0
-4.78,-4.29,-7.69, 0
-5.76,-2.48,-7.48, 0
-7.66,-0.82,-6.59, 0
-8.19,0.33,-5.41, 0
-9.29,-3.76,-2.96, 0
-9.07,-5.22,-4.81, 0
-7.52,-4.68,-3.98, 0
-7.03,-6.16,-5.78, 0
-9.65,-6.01,-8.57, 0
-10.38,-3.34,-6.57, 0
-7.73,-2.57,-3.10, 0
-7.11,-3.11,-2.25, 0
-7.52,-3.67,-2.74, 0
-7.34,-3.36,-3.22, 0
-8.23,-2.47,-4.05, 0
-8.97,-1.72,-4.75, 0
-9.17,-1.50,-4.58, 0
-8.96,-1.96,-4.16, 0
-8.51,-2.54,-3.98, 0
-8.01,-3.33,-3.65, 0
-8.26,-3.78,-4.02, 0
-8.23,-3.68,-3.91, 0
-8.17,-3.43,-3.85, 0
-8.06,-3.08,-3.95, 0
-8.14,-3.02,-4.02, 0
-8.22,-2.88,-4.18, 0
-8.26,-2.86,-4.26, 0
-8.41,-2.68,-4.34, 0
-8.45,-2.62,-4.26, 0
-8.11,-2.73,-3.92, 0
-7.81,-2.87,-3.76, 0
